student_id,age,gender,course,year,parent_education,internet_access,hostel_resident,class_type,weather,study_hours,sleep_hours,travel_time_minutes,attendance,absence_reason
1,21,male,bca,3rd year,school,yes,no,offline,sunny,5.2,7.7,39,1,none
2,18,female,bca,2nd year,postgraduate,yes,no,offline,rainy,1.4,7.1,45,0,transport
3,24,female,ba,2nd year,school,yes,yes,online,cloudy,6.3,7.1,38,1,none
4,22,female,bba,1st year,postgraduate,yes,no,offline,sunny,3.2,7.9,10,1,none
5,18,male,ba,1st year,school,yes,yes,online,rainy,5.6,5.2,64,0,transport
6,17,female,bcom,1st year,school,yes,no,offline,sunny,7.4,6.6,40,1,none
7,18,female,ba,3rd year,school,no,no,offline,sunny,0.5,5.7,5,0,personal
8,20,male,bca,1st year,postgraduate,no,no,online,sunny,6.7,7.6,7,1,none
9,20,male,bsc,2nd year,graduate,yes,no,offline,sunny,4.9,7.5,5,1,none
10,18,female,bsc,3rd year,graduate,yes,yes,online,sunny,5.7,4.6,9,1,none
11,18,female,ba,2nd year,school,yes,yes,online,sunny,7.2,7,35,1,none
12,20,female,bsc,3rd year,graduate,no,yes,offline,rainy,7.1,6.8,5,1,none
13,19,male,ba,3rd year,graduate,yes,yes,offline,sunny,5.4,7,30,1,none
14,20,female,bca,3rd year,graduate,yes,yes,online,sunny,6.1,7.2,21,1,none
15,18,male,ba,1st year,graduate,yes,yes,offline,sunny,3.3,5.7,40,0,illness
16,20,male,bca,3rd year,school,yes,no,online,cloudy,6.1,7.5,37,1,none
17,19,female,bcom,3rd year,school,yes,no,offline,cloudy,5.3,7.9,27,1,none
18,17,female,bca,3rd year,graduate,yes,no,online,cloudy,6.1,7.3,43,1,none
19,18,female,bcom,2nd year,graduate,yes,no,offline,sunny,4.4,5.7,21,1,none
20,22,female,bca,2nd year,school,yes,no,offline,cloudy,5.3,7.6,44,1,none
21,19,female,bcom,3rd year,postgraduate,yes,yes,online,sunny,5.5,7.3,54,1,none
22,24,female,bsc,1st year,school,yes,no,offline,rainy,5.7,5.5,29,0,transport
23,21,female,bcom,3rd year,graduate,yes,yes,offline,sunny,4.9,6.6,48,1,none
24,22,male,bba,2nd year,school,yes,no,online,sunny,1.2,8.7,24,1,none
25,20,male,bca,2nd year,school,yes,yes,offline,sunny,2.8,6.7,58,1,none
26,18,female,bca,3rd year,postgraduate,yes,yes,offline,rainy,7.8,8.3,13,1,none
27,20,female,ba,2nd year,school,no,yes,offline,rainy,4.8,8.5,17,1,none
28,19,female,bsc,3rd year,postgraduate,yes,yes,online,cloudy,2.9,8.3,47,0,weather
29,20,female,bba,1st year,graduate,yes,yes,offline,cloudy,6.7,7.9,49,1,none
30,18,female,bba,1st year,school,yes,no,offline,sunny,1.5,6.7,54,0,other
31,17,male,bba,2nd year,school,yes,yes,offline,sunny,5.8,10,35,1,none
32,18,male,bcom,2nd year,graduate,yes,yes,offline,sunny,1.8,6.7,36,0,family
33,19,male,bcom,3rd year,school,yes,no,offline,cloudy,6.1,6.8,53,1,none
34,19,male,bsc,1st year,postgraduate,yes,no,offline,sunny,1.6,6,35,0,personal
35,21,female,bsc,3rd year,postgraduate,yes,no,online,cloudy,5.3,5.4,42,1,none
36,21,female,bsc,2nd year,graduate,yes,no,online,sunny,3.6,5,44,1,none
37,20,female,bba,3rd year,graduate,no,yes,offline,cloudy,4.5,7.6,20,1,none
38,19,male,ba,2nd year,graduate,yes,no,offline,cloudy,3.4,6.7,20,1,none
39,18,male,bba,1st year,graduate,yes,no,offline,sunny,5.5,7.7,48,1,none
40,18,female,bba,1st year,graduate,yes,no,offline,cloudy,5.1,7.3,46,1,none
41,19,female,ba,2nd year,school,yes,no,offline,cloudy,0.5,6.2,17,0,personal
42,20,male,bcom,2nd year,school,yes,no,offline,cloudy,3.8,7,21,1,none
43,19,female,ba,1st year,graduate,yes,yes,offline,rainy,3.9,5.9,20,1,none
44,19,male,ba,2nd year,school,yes,no,offline,cloudy,6.9,8.5,58,1,none
45,20,male,ba,3rd year,school,yes,yes,offline,sunny,2.6,6.3,17,1,none
46,20,male,bcom,2nd year,graduate,yes,no,offline,cloudy,5.2,8,28,1,none
47,22,female,bba,2nd year,postgraduate,yes,yes,online,sunny,7.7,6.2,12,1,none
48,19,male,bsc,1st year,postgraduate,yes,no,offline,cloudy,8.5,8.4,35,1,none
49,21,male,bsc,3rd year,school,yes,yes,offline,cloudy,6.9,7,48,1,none
50,19,male,bsc,2nd year,postgraduate,yes,no,offline,rainy,5.5,6.9,10,1,none
51,21,male,bca,1st year,school,yes,no,offline,cloudy,2.4,7.5,31,1,none
52,23,male,bca,2nd year,school,yes,no,offline,sunny,3.9,5.4,44,0,personal
53,20,female,bcom,2nd year,graduate,no,no,offline,sunny,5.9,7.5,36,1,none
54,20,male,bcom,3rd year,school,no,no,offline,sunny,5.4,7.5,55,0,weather
55,19,male,bsc,2nd year,graduate,yes,no,online,cloudy,4.1,7.5,34,1,none
56,21,male,bsc,2nd year,school,yes,yes,online,cloudy,5.7,6.8,16,1,none
57,21,male,bsc,3rd year,postgraduate,yes,no,online,cloudy,2.2,4.6,29,1,none
58,17,female,bca,1st year,postgraduate,yes,no,online,sunny,5.2,8.3,37,1,none
59,20,female,bcom,3rd year,school,no,no,offline,sunny,3.6,6.7,33,1,none
60,20,male,bba,3rd year,postgraduate,yes,no,online,rainy,5,7.7,5,1,none
61,19,female,bca,1st year,graduate,no,no,offline,cloudy,3.1,5.5,5,1,none
62,23,female,bcom,2nd year,school,yes,yes,online,rainy,2.2,6.2,30,0,family
63,18,female,bcom,2nd year,postgraduate,yes,no,offline,sunny,4.4,4.8,21,1,none
64,19,male,bsc,1st year,graduate,yes,yes,offline,sunny,2.1,8.3,47,1,none
65,20,female,bca,1st year,postgraduate,no,yes,offline,sunny,3.1,8.4,28,1,none
66,18,male,bcom,2nd year,school,yes,yes,online,sunny,3.1,6.6,42,1,none
67,19,male,bba,3rd year,graduate,yes,yes,offline,cloudy,7.3,6.6,32,1,none
68,23,female,ba,2nd year,graduate,yes,no,offline,sunny,7,8.4,35,1,none
69,18,female,bca,3rd year,school,yes,yes,offline,rainy,4.8,6.1,38,1,none
70,21,male,bca,2nd year,graduate,yes,no,offline,rainy,7.3,8.1,5,1,none
71,20,male,bba,2nd year,school,yes,yes,online,sunny,3,8.2,29,1,none
72,22,female,bsc,2nd year,school,yes,no,offline,rainy,5.2,6.8,5,1,none
73,22,male,bcom,1st year,school,yes,no,offline,rainy,4.5,9.3,29,1,none
74,24,male,bcom,1st year,graduate,yes,yes,offline,cloudy,5.6,6.9,58,1,none
75,21,female,ba,2nd year,graduate,yes,yes,offline,rainy,6.3,8.8,17,1,none
76,23,female,bba,2nd year,school,yes,yes,offline,sunny,4.4,7.7,69,1,none
77,23,male,bba,1st year,school,yes,no,offline,sunny,4.9,6.5,44,0,personal
78,19,male,bsc,2nd year,graduate,yes,no,offline,sunny,4.2,7.8,26,1,none
79,18,female,bcom,1st year,postgraduate,no,no,online,sunny,4.7,8.2,40,1,none
80,19,female,ba,1st year,school,yes,no,offline,rainy,7.1,6.3,25,1,none
81,24,female,ba,1st year,postgraduate,yes,no,online,sunny,3.5,7.5,53,1,none
82,20,male,bca,1st year,graduate,yes,yes,offline,rainy,6.1,6.6,11,1,none
83,17,female,bsc,3rd year,postgraduate,yes,yes,offline,sunny,2,6.8,56,0,other
84,18,female,bcom,1st year,school,yes,yes,offline,sunny,3.9,8.4,36,1,none
85,20,male,bba,2nd year,school,yes,no,offline,rainy,6.2,7.8,23,1,none
86,19,female,ba,3rd year,school,yes,no,offline,sunny,4.7,9.5,11,1,none
87,18,male,bba,3rd year,postgraduate,no,no,offline,cloudy,4.6,8.2,6,1,none
88,23,male,ba,1st year,school,yes,no,online,sunny,5,7.2,46,1,none
89,19,female,bca,3rd year,graduate,yes,yes,offline,sunny,4.3,6.2,60,0,personal
90,22,female,bsc,1st year,graduate,yes,no,offline,sunny,4.9,7.4,6,1,none
91,20,male,ba,3rd year,school,yes,no,offline,cloudy,5.1,7.2,38,1,none
92,20,female,bcom,3rd year,school,yes,yes,online,sunny,5.5,6.2,15,1,none
93,20,male,bsc,1st year,postgraduate,yes,no,offline,sunny,4.1,4.9,28,1,none
94,18,female,bsc,2nd year,graduate,yes,no,offline,rainy,5.1,5.8,29,1,none
95,18,female,bca,3rd year,graduate,yes,no,offline,cloudy,4.1,5.8,41,1,none
96,21,male,bba,3rd year,school,no,no,offline,sunny,3.2,6.8,17,1,none
97,20,female,bsc,3rd year,graduate,yes,yes,offline,rainy,3.7,7.9,47,1,none
98,17,male,ba,1st year,school,no,no,offline,cloudy,2.9,6.9,5,1,none
99,17,female,bcom,3rd year,graduate,yes,yes,offline,rainy,7.4,6.9,41,1,none
100,20,male,bba,1st year,school,yes,no,offline,sunny,3.7,8.4,5,1,none
101,19,male,bcom,1st year,school,yes,no,offline,cloudy,3.6,6.7,50,0,family
102,20,male,bba,3rd year,school,yes,yes,online,rainy,3.7,6.4,34,0,transport
103,18,male,ba,2nd year,postgraduate,yes,yes,online,sunny,3.7,7.1,25,1,none
104,23,female,bba,1st year,school,yes,yes,offline,rainy,5.9,8.5,32,1,none
105,18,male,ba,2nd year,graduate,yes,no,offline,sunny,4.3,6.3,26,1,none
106,19,male,bsc,1st year,graduate,yes,yes,offline,cloudy,3.2,6.5,35,0,family
107,18,male,bba,2nd year,postgraduate,yes,no,offline,sunny,5.8,8.6,57,1,none
108,23,female,bsc,3rd year,postgraduate,yes,no,offline,rainy,4.9,7,21,1,none
109,21,female,ba,3rd year,postgraduate,yes,yes,offline,rainy,2.9,8.1,20,1,none
110,20,male,bcom,1st year,graduate,yes,no,online,sunny,4.8,6.1,5,1,none
111,22,female,bsc,1st year,school,yes,yes,online,cloudy,6,6.8,21,1,none
112,23,male,ba,3rd year,postgraduate,yes,no,online,cloudy,6.8,7.3,18,1,none
113,21,female,ba,3rd year,graduate,yes,yes,offline,cloudy,5.9,8.3,33,1,none
114,20,female,bba,3rd year,graduate,yes,no,online,cloudy,4.4,6.7,16,1,none
115,21,female,bsc,2nd year,school,yes,no,offline,cloudy,4.8,6.9,26,1,none
116,20,male,bsc,3rd year,postgraduate,yes,no,offline,sunny,4.9,9,38,1,none
117,23,female,ba,2nd year,school,yes,yes,online,rainy,5.1,7.3,50,1,none
118,18,female,bba,1st year,graduate,yes,no,offline,cloudy,3.9,6.8,44,1,none
119,20,male,bca,1st year,graduate,yes,no,offline,sunny,5.7,6.4,11,1,none
120,20,male,bca,2nd year,school,yes,no,online,cloudy,2.2,7.4,38,0,illness
121,20,female,bca,3rd year,postgraduate,yes,yes,offline,sunny,4.3,7.6,25,1,none
122,19,male,bcom,3rd year,school,yes,yes,online,rainy,4.6,6.8,31,1,none
123,21,female,bba,2nd year,postgraduate,yes,no,online,sunny,6.4,8.3,5,1,none
124,20,female,bca,2nd year,postgraduate,no,no,offline,cloudy,5.8,6.1,40,0,illness
125,21,female,bcom,3rd year,postgraduate,yes,no,online,sunny,1.4,8.9,26,1,none
126,21,female,bca,2nd year,school,yes,no,online,sunny,4.5,6.1,18,1,none
127,23,female,bca,1st year,school,yes,yes,offline,sunny,3.1,7.4,25,1,none
128,20,male,bca,3rd year,postgraduate,yes,no,offline,sunny,4.7,7.5,49,1,none
129,20,female,ba,3rd year,graduate,yes,no,online,cloudy,2.4,6.8,50,0,personal
130,23,male,bba,3rd year,graduate,yes,yes,online,cloudy,4.8,6.1,27,1,none
131,18,male,bca,3rd year,school,no,no,online,rainy,6.6,5.8,43,0,transport
132,22,female,bca,2nd year,school,yes,yes,offline,cloudy,6.8,5.8,50,1,none
133,19,female,ba,3rd year,graduate,no,no,offline,cloudy,3.2,6.9,36,1,none
134,22,male,bca,2nd year,graduate,yes,no,online,sunny,5.1,7.9,30,1,none
135,20,male,ba,1st year,graduate,yes,no,online,rainy,4.5,6.7,44,0,personal
136,23,female,bba,3rd year,postgraduate,yes,no,online,sunny,4.3,7.9,29,1,none
137,22,female,bcom,2nd year,school,no,no,offline,rainy,4.9,6.3,39,0,illness
138,18,male,ba,1st year,graduate,yes,yes,offline,sunny,2,6.2,36,0,illness
139,20,female,bba,2nd year,postgraduate,yes,no,offline,cloudy,0.5,7.1,22,0,weather
140,23,female,bca,3rd year,school,yes,no,online,rainy,6.4,8.9,10,1,none
141,21,female,ba,1st year,postgraduate,yes,yes,offline,cloudy,3.7,7.1,5,1,none
142,20,female,bca,2nd year,graduate,yes,yes,offline,rainy,5.3,7.1,50,1,none
143,18,male,bba,3rd year,postgraduate,no,no,offline,sunny,6.2,7.1,29,1,none
144,20,female,ba,3rd year,graduate,yes,yes,offline,sunny,2.8,7.1,23,1,none
145,21,male,bcom,1st year,graduate,no,no,offline,cloudy,6.3,6,63,1,none
146,21,male,ba,1st year,graduate,yes,no,offline,sunny,3.5,7.5,27,1,none
147,19,female,ba,3rd year,graduate,yes,yes,offline,sunny,4.6,7.1,25,1,none
148,20,female,bba,3rd year,graduate,yes,no,offline,cloudy,5.7,8.7,25,1,none
149,20,female,bsc,1st year,postgraduate,no,yes,offline,sunny,6.2,9,41,1,none
150,21,female,ba,3rd year,graduate,yes,yes,offline,rainy,2.9,7,63,0,weather
151,18,male,ba,3rd year,school,yes,no,offline,sunny,4.1,8.1,38,1,none
152,20,male,ba,3rd year,postgraduate,yes,no,online,cloudy,6.2,7,49,1,none
153,19,male,ba,3rd year,graduate,yes,no,offline,rainy,6.7,7.3,40,1,none
154,21,female,bcom,3rd year,postgraduate,yes,yes,offline,rainy,2.7,5.7,18,0,personal
155,19,female,bca,3rd year,graduate,yes,no,offline,cloudy,6.7,6.8,24,1,none
156,19,male,bcom,2nd year,postgraduate,yes,no,offline,rainy,6.1,8.9,33,1,none
157,22,male,bsc,3rd year,graduate,yes,no,offline,cloudy,5.6,8.5,38,1,none
158,21,male,bsc,2nd year,graduate,yes,yes,offline,sunny,3.1,7.2,40,1,none
159,19,female,bcom,1st year,school,yes,no,offline,rainy,7.8,7.4,23,1,none
160,20,female,bca,2nd year,graduate,yes,yes,offline,sunny,4.3,7.5,5,1,none
161,18,female,bsc,1st year,graduate,yes,yes,offline,sunny,3.4,6.5,31,1,none
162,20,male,bba,1st year,graduate,yes,yes,offline,sunny,4.5,7.3,26,1,none
163,18,male,ba,2nd year,school,yes,yes,online,rainy,3.2,7.6,16,1,none
164,18,male,bcom,3rd year,graduate,yes,yes,offline,rainy,6.5,6,15,1,none
165,21,female,bcom,1st year,graduate,yes,no,offline,sunny,2.4,6.8,61,0,transport
166,24,female,bcom,2nd year,postgraduate,no,no,online,sunny,2.6,7.8,37,1,none
167,21,male,bsc,2nd year,graduate,yes,no,offline,cloudy,5.6,7.1,8,1,none
168,21,male,bcom,1st year,school,yes,no,offline,sunny,5,5,34,1,none
169,21,female,bsc,3rd year,postgraduate,yes,no,online,sunny,4.5,6.1,23,1,none
170,20,male,bca,2nd year,graduate,yes,no,online,cloudy,6.3,8,16,1,none
171,22,female,bsc,2nd year,graduate,no,yes,offline,sunny,3.1,7.8,5,1,none
172,22,female,ba,3rd year,postgraduate,yes,no,online,rainy,7.7,5.9,5,1,none
173,18,male,ba,2nd year,school,no,yes,offline,cloudy,3.1,7.1,46,0,personal
174,23,female,bsc,1st year,graduate,yes,yes,online,sunny,4.5,5.6,8,1,none
175,23,female,bca,3rd year,postgraduate,yes,no,offline,cloudy,5.6,5.6,42,1,none
176,23,male,bcom,2nd year,school,yes,no,online,sunny,5.6,8,19,1,none
177,19,female,bba,1st year,graduate,yes,no,offline,cloudy,3.1,7.7,35,1,none
178,19,female,ba,1st year,graduate,yes,yes,online,cloudy,3.1,7,29,1,none
179,17,female,bca,2nd year,school,no,yes,offline,rainy,1.4,7.4,21,0,other
180,19,female,bsc,2nd year,postgraduate,yes,no,offline,cloudy,5.4,6.5,27,1,none
181,18,male,ba,3rd year,postgraduate,yes,no,offline,sunny,6.2,6.3,46,1,none
182,22,male,bca,1st year,graduate,yes,no,online,cloudy,4.5,5.4,72,0,illness
183,20,male,bsc,2nd year,postgraduate,yes,no,offline,rainy,4.6,7.3,47,1,none
184,21,female,ba,1st year,graduate,yes,no,offline,cloudy,4.9,6.6,46,0,personal
185,23,male,bca,1st year,school,yes,no,offline,cloudy,5.9,7.5,47,1,none
186,20,female,bsc,3rd year,graduate,yes,yes,offline,sunny,7.9,5.3,17,1,none
187,21,female,bcom,3rd year,school,yes,no,offline,rainy,2,7.3,5,1,none
188,20,male,ba,3rd year,school,yes,yes,offline,sunny,7,5.8,36,1,none
189,18,male,ba,2nd year,graduate,yes,yes,offline,sunny,3.2,9.2,21,1,none
190,20,female,bba,2nd year,graduate,no,no,offline,sunny,3.1,5.4,26,1,none
191,18,male,bba,2nd year,graduate,yes,no,offline,cloudy,3.4,7.4,24,1,none
192,21,female,bsc,3rd year,graduate,no,yes,offline,sunny,5.8,7.4,14,1,none
193,20,female,bba,2nd year,school,yes,no,offline,rainy,4.6,6.7,61,0,family
194,20,male,ba,2nd year,school,yes,no,offline,sunny,4.3,5.6,10,1,none
195,18,female,bsc,2nd year,graduate,yes,yes,offline,sunny,3.3,8.3,23,1,none
196,21,female,bsc,1st year,postgraduate,yes,no,offline,cloudy,3.5,7.6,24,1,none
197,18,male,bca,2nd year,school,yes,no,offline,cloudy,5.6,6.4,38,1,none
198,18,female,ba,3rd year,graduate,no,yes,online,cloudy,5.8,6.6,35,0,transport
199,19,female,ba,2nd year,graduate,yes,yes,offline,sunny,5.6,8.3,10,1,none
200,20,male,bsc,2nd year,school,yes,yes,offline,rainy,5.9,7.5,5,1,none
201,20,male,bcom,1st year,graduate,yes,yes,online,cloudy,2.9,6.7,15,1,none
202,19,male,bba,1st year,postgraduate,yes,yes,offline,cloudy,5.2,4.5,36,1,none
203,19,male,bcom,3rd year,school,yes,yes,offline,rainy,5.5,8,39,1,none
204,23,male,bba,3rd year,postgraduate,no,no,offline,cloudy,3.9,8,42,1,none
205,20,female,bsc,2nd year,school,yes,no,online,cloudy,4.7,8.2,70,1,none
206,17,male,bcom,2nd year,graduate,yes,yes,offline,cloudy,7.3,6.9,21,1,none
207,22,female,ba,3rd year,postgraduate,yes,yes,offline,sunny,4,7.3,40,1,none
208,20,female,bca,2nd year,graduate,yes,no,offline,cloudy,5.2,7,41,1,none
209,19,female,bcom,2nd year,school,yes,no,offline,cloudy,6.8,6.5,32,1,none
210,19,female,bba,2nd year,graduate,yes,no,offline,sunny,5.6,4.7,30,1,none
211,21,male,bca,1st year,graduate,yes,yes,offline,cloudy,4.7,6.3,70,0,other
212,19,male,bcom,1st year,graduate,yes,no,offline,rainy,1,6,5,0,other
213,20,female,bcom,3rd year,graduate,yes,no,offline,cloudy,3.2,5.8,27,1,none
214,20,female,bca,3rd year,postgraduate,yes,no,online,sunny,2.8,7.9,48,1,none
215,18,male,bcom,1st year,school,yes,no,offline,sunny,8.6,7.8,12,1,none
216,18,male,bsc,1st year,graduate,no,yes,online,cloudy,3.9,7.6,17,1,none
217,20,male,bca,1st year,school,yes,yes,offline,cloudy,7.7,5.8,14,1,none
218,18,male,bba,3rd year,postgraduate,yes,yes,online,sunny,3.6,8.4,20,1,none
219,19,male,bba,2nd year,graduate,yes,no,offline,cloudy,6.2,6.4,5,1,none
220,20,male,ba,2nd year,graduate,yes,no,offline,cloudy,5,8.7,8,1,none
221,18,male,ba,2nd year,postgraduate,yes,no,offline,rainy,1.4,7.1,68,0,transport
222,21,male,bba,1st year,postgraduate,yes,no,offline,sunny,2,7,45,1,none
223,19,female,bcom,3rd year,graduate,yes,yes,offline,sunny,5.6,6.3,42,1,none
224,21,male,bca,1st year,graduate,no,yes,online,sunny,5.5,6.4,50,0,other
225,17,female,ba,3rd year,graduate,no,no,offline,sunny,4.5,5.3,20,1,none
226,21,male,ba,2nd year,postgraduate,yes,no,online,cloudy,4.9,7,39,1,none
227,18,male,bcom,2nd year,graduate,yes,no,offline,sunny,1.4,6.9,18,1,none
228,17,female,bcom,1st year,postgraduate,yes,no,offline,rainy,4.6,7.5,34,1,none
229,18,male,bsc,3rd year,graduate,no,no,offline,cloudy,4.7,7.2,49,0,family
230,19,female,bcom,3rd year,postgraduate,yes,no,offline,cloudy,3,7.5,47,1,none
231,20,male,bca,2nd year,postgraduate,yes,yes,online,cloudy,3.9,6,70,0,weather
232,20,male,ba,1st year,school,yes,yes,offline,sunny,4.2,7,19,1,none
233,19,male,bcom,2nd year,school,yes,no,offline,cloudy,6.7,8.3,27,1,none
234,20,female,bca,2nd year,school,yes,yes,offline,rainy,8.2,6.9,39,1,none
235,20,female,bba,2nd year,graduate,yes,no,offline,cloudy,5.3,6.3,53,1,none
236,19,male,bcom,3rd year,graduate,yes,no,offline,sunny,5.7,6,5,1,none
237,22,male,bca,2nd year,graduate,no,no,offline,sunny,4.1,4.5,33,1,none
238,18,male,bcom,3rd year,school,yes,yes,online,sunny,3.8,7.1,17,1,none
239,22,female,bba,2nd year,graduate,yes,yes,offline,sunny,5.8,6,15,1,none
240,20,male,bcom,3rd year,graduate,yes,no,offline,sunny,3.3,9,31,1,none
241,20,male,bcom,2nd year,school,yes,no,offline,cloudy,4.8,7.1,27,1,none
242,18,female,bba,1st year,postgraduate,yes,yes,offline,sunny,6.4,8,20,1,none
243,20,male,bsc,1st year,graduate,yes,yes,offline,sunny,5.8,5.9,38,1,none
244,21,male,ba,1st year,graduate,yes,no,offline,rainy,5.6,6.1,15,1,none
245,19,female,ba,1st year,graduate,yes,no,offline,sunny,2.4,7.4,35,1,none
246,22,male,bca,1st year,graduate,yes,no,online,sunny,7.4,7.4,33,1,none
247,20,male,bba,3rd year,school,yes,no,online,cloudy,4.7,6.5,35,1,none
248,22,female,ba,3rd year,postgraduate,no,no,online,cloudy,4.4,7.5,37,1,none
249,20,female,ba,3rd year,school,yes,no,offline,sunny,5.1,6.3,58,1,none
250,18,female,bca,1st year,graduate,yes,no,online,rainy,3.6,8.2,38,1,none
251,21,female,bcom,1st year,postgraduate,yes,no,offline,cloudy,1.7,7.3,20,1,none
252,23,female,bba,2nd year,postgraduate,yes,no,offline,sunny,4.8,7,40,1,none
253,18,male,bcom,3rd year,graduate,yes,yes,offline,sunny,5.3,6.5,6,1,none
254,20,female,ba,3rd year,postgraduate,yes,yes,online,cloudy,6.2,6.6,5,1,none
255,18,male,bsc,2nd year,postgraduate,no,no,offline,cloudy,4.6,7.6,16,1,none
256,19,male,bsc,3rd year,school,yes,yes,offline,sunny,6.4,7,15,1,none
257,20,female,bba,1st year,postgraduate,yes,no,offline,cloudy,6,7.5,40,1,none
258,21,male,ba,3rd year,postgraduate,yes,yes,offline,sunny,7.1,6.9,42,1,none
259,18,male,ba,1st year,graduate,yes,yes,offline,sunny,3.8,7.7,18,1,none
260,18,male,bsc,2nd year,graduate,yes,yes,offline,sunny,5.1,6.1,56,1,none
261,19,female,ba,1st year,graduate,yes,no,online,cloudy,4.5,7.9,32,1,none
262,22,female,bba,1st year,graduate,yes,yes,offline,sunny,5.6,6.9,36,1,none
263,18,male,ba,2nd year,graduate,yes,yes,offline,cloudy,7.7,5.7,62,0,personal
264,21,female,bca,2nd year,school,yes,no,offline,cloudy,5.7,7.6,48,1,none
265,18,female,bcom,3rd year,graduate,yes,no,offline,cloudy,1.6,8,25,1,none
266,21,male,bsc,2nd year,graduate,yes,yes,offline,sunny,3.1,7.4,25,1,none
267,22,male,ba,3rd year,school,yes,no,offline,sunny,6.2,6,28,1,none
268,20,female,bcom,1st year,graduate,yes,no,online,cloudy,5.8,8,49,1,none
269,22,female,bsc,2nd year,graduate,yes,yes,offline,rainy,8.5,7.2,52,1,none
270,21,female,ba,3rd year,graduate,yes,no,online,sunny,5.6,7.7,39,1,none
271,21,female,bba,2nd year,graduate,yes,yes,offline,cloudy,3.7,6.2,20,1,none
272,18,male,bcom,1st year,graduate,yes,yes,online,sunny,3.6,6.7,37,1,none
273,19,male,bcom,3rd year,graduate,yes,yes,offline,sunny,5.8,7.3,11,1,none
274,18,male,ba,1st year,graduate,yes,no,online,sunny,4.4,7.5,8,1,none
275,20,male,bba,3rd year,graduate,no,yes,offline,cloudy,2.6,7.5,63,0,family
276,22,female,bsc,1st year,school,yes,no,online,rainy,5.5,5.8,16,1,none
277,17,male,bcom,2nd year,graduate,yes,yes,online,sunny,5.9,6.5,56,1,none
278,20,male,bca,3rd year,graduate,no,yes,offline,sunny,5.2,6.2,39,1,none
279,19,male,bcom,1st year,school,yes,yes,offline,rainy,3.3,7.3,53,0,weather
280,20,female,bcom,1st year,graduate,yes,no,online,rainy,3.8,6.7,22,1,none
281,20,male,bsc,3rd year,postgraduate,no,no,offline,cloudy,3,8.2,45,0,transport
282,18,female,ba,1st year,graduate,no,no,offline,rainy,4.5,6,5,1,none
283,21,male,bca,3rd year,graduate,yes,yes,offline,cloudy,2.4,7.6,66,1,none
284,19,female,bcom,3rd year,postgraduate,no,no,online,sunny,6,5.6,44,1,none
285,23,female,bsc,1st year,postgraduate,no,no,offline,sunny,1.6,7.2,56,1,none
286,19,male,bcom,2nd year,graduate,yes,no,offline,rainy,5.1,7,44,1,none
287,20,male,bca,1st year,graduate,yes,no,offline,cloudy,6.1,8,38,1,none
288,18,female,bca,1st year,postgraduate,no,yes,offline,sunny,5.5,6.3,35,1,none
289,21,male,bcom,2nd year,graduate,yes,yes,offline,cloudy,6,7.5,50,1,none
290,20,male,bsc,3rd year,graduate,yes,yes,offline,sunny,5.4,8,36,1,none
291,20,female,bba,2nd year,postgraduate,yes,no,online,sunny,3.3,7.8,33,1,none
292,18,female,bsc,1st year,school,no,yes,offline,sunny,5.2,7.5,23,1,none
293,21,male,bba,2nd year,postgraduate,yes,no,offline,sunny,5.9,6.6,5,1,none
294,20,male,bba,1st year,graduate,yes,yes,online,cloudy,5.2,7.2,56,0,personal
295,20,male,bsc,1st year,postgraduate,yes,yes,offline,rainy,3.3,8,22,1,none
296,19,male,bsc,3rd year,graduate,no,no,offline,rainy,5.9,6.5,30,1,none
297,21,male,bba,2nd year,school,yes,yes,offline,sunny,8.4,6.4,22,1,none
298,19,female,bca,2nd year,graduate,yes,yes,offline,cloudy,2.8,5.7,5,0,other
299,20,female,ba,1st year,postgraduate,yes,yes,online,sunny,3.7,8.2,34,1,none
300,22,female,ba,2nd year,postgraduate,no,no,offline,sunny,5.4,6.6,38,1,none
301,24,female,bca,3rd year,graduate,no,yes,offline,rainy,1.7,6.3,42,0,other
302,21,female,bcom,2nd year,postgraduate,yes,no,online,cloudy,6.1,5.8,19,1,none
303,22,male,bba,1st year,graduate,yes,yes,offline,cloudy,2.4,7.5,55,1,none
304,20,female,ba,1st year,graduate,yes,no,offline,rainy,3.2,6.7,39,0,family
305,21,male,ba,2nd year,graduate,yes,no,online,sunny,3.3,8.1,37,1,none
306,19,male,bba,1st year,graduate,yes,no,offline,cloudy,3.2,8.1,45,1,none
307,19,female,ba,1st year,postgraduate,yes,yes,online,cloudy,3.9,6.9,30,1,none
308,18,female,bba,2nd year,postgraduate,yes,no,offline,cloudy,1.7,6.2,49,0,personal
309,22,male,bcom,3rd year,postgraduate,yes,yes,offline,cloudy,4,7.3,34,1,none
310,20,male,bcom,3rd year,school,no,no,online,rainy,5.6,7.6,63,0,illness
311,20,female,bsc,1st year,graduate,yes,yes,offline,sunny,2.3,6.7,42,0,weather
312,21,female,bca,3rd year,graduate,yes,yes,offline,cloudy,3,7.9,12,1,none
313,19,female,ba,1st year,school,yes,no,offline,sunny,5.9,7.3,29,1,none
314,17,female,bcom,2nd year,postgraduate,yes,no,offline,rainy,5.7,8.2,28,1,none
315,23,female,bsc,3rd year,graduate,yes,no,offline,rainy,3.5,6.6,38,0,family
316,18,male,bcom,3rd year,school,yes,no,offline,sunny,5.9,5.6,41,1,none
317,23,male,bsc,1st year,school,yes,yes,offline,sunny,7.4,7.2,34,1,none
318,18,female,bsc,1st year,graduate,yes,no,offline,cloudy,6.4,7.2,39,1,none
319,21,male,bca,2nd year,graduate,yes,yes,offline,sunny,0.8,5,48,0,weather
320,22,male,bcom,3rd year,postgraduate,yes,yes,offline,sunny,5.1,5.9,17,1,none
321,19,male,bsc,1st year,school,yes,yes,offline,cloudy,6.7,6.9,15,1,none
322,23,male,bcom,3rd year,school,yes,yes,offline,cloudy,4.3,7.5,45,1,none
323,18,male,bca,3rd year,graduate,yes,yes,offline,sunny,5,7.6,5,1,none
324,20,female,ba,3rd year,graduate,yes,yes,offline,cloudy,4.2,6.9,28,1,none
325,21,male,bca,1st year,graduate,yes,yes,offline,sunny,3.6,9.4,28,1,none
326,19,female,ba,3rd year,school,yes,no,offline,sunny,1.7,7.9,38,1,none
327,21,female,bca,1st year,graduate,yes,no,online,rainy,7.4,5.6,34,1,none
328,19,female,bsc,3rd year,graduate,yes,no,offline,sunny,6.4,7.7,57,1,none
329,20,female,bsc,3rd year,graduate,yes,yes,offline,cloudy,8.1,8.1,63,1,none
330,20,female,bba,2nd year,school,no,yes,offline,sunny,4.9,7.9,32,1,none
331,21,female,bba,1st year,graduate,yes,yes,offline,cloudy,3.6,7.2,29,1,none
332,20,male,bsc,1st year,school,no,no,offline,cloudy,3.3,7.7,43,1,none
333,19,female,bca,2nd year,postgraduate,yes,yes,offline,cloudy,3.7,7.4,40,1,none
334,19,female,bcom,1st year,graduate,no,no,offline,sunny,0.5,8,5,0,weather
335,18,female,bcom,3rd year,graduate,yes,no,online,cloudy,4.8,8.7,5,1,none
336,20,male,ba,2nd year,graduate,yes,yes,offline,sunny,7.9,8.7,29,1,none
337,22,male,bcom,1st year,graduate,yes,no,offline,sunny,1.7,6.4,19,1,none
338,20,female,bba,3rd year,graduate,yes,no,offline,cloudy,2.6,6.2,44,1,none
339,18,female,bca,3rd year,graduate,yes,yes,offline,cloudy,4.7,8.3,61,1,none
340,23,female,bsc,1st year,postgraduate,no,no,offline,cloudy,4,7.2,36,1,none
341,23,male,ba,3rd year,postgraduate,yes,no,offline,rainy,4.7,6.9,36,1,none
342,18,female,ba,3rd year,graduate,no,no,online,sunny,4.2,7.6,43,1,none
343,17,male,bca,3rd year,graduate,no,yes,offline,sunny,7,8,57,1,none
344,18,female,bsc,1st year,graduate,yes,yes,offline,rainy,5.2,8.4,12,1,none
345,21,female,bba,1st year,graduate,yes,no,offline,cloudy,5.7,7.8,48,1,none
346,18,male,ba,2nd year,graduate,yes,yes,offline,rainy,4.3,7.3,29,1,none
347,20,female,bca,1st year,school,yes,no,offline,cloudy,8.1,8.5,44,1,none
348,20,female,ba,1st year,postgraduate,no,yes,offline,cloudy,4.5,7.7,31,1,none
349,21,female,bca,3rd year,school,yes,no,offline,sunny,6.1,7,23,1,none
350,20,female,bsc,3rd year,graduate,yes,yes,offline,cloudy,2.2,7.5,25,1,none
351,18,male,bcom,3rd year,graduate,yes,no,online,sunny,6.5,7.2,44,1,none
352,20,female,ba,3rd year,postgraduate,yes,yes,offline,cloudy,5.9,4.6,72,0,family
353,19,female,bba,1st year,school,yes,yes,offline,rainy,4.8,6.2,77,0,personal
354,22,female,ba,3rd year,school,yes,no,offline,cloudy,3.6,6.2,48,1,none
355,18,female,bsc,2nd year,graduate,yes,no,offline,cloudy,4.3,7.4,50,1,none
356,18,male,bcom,1st year,postgraduate,yes,yes,offline,rainy,4.5,7.1,5,1,none
357,18,female,bba,1st year,school,yes,no,offline,cloudy,6.1,8.4,7,1,none
358,20,male,bba,1st year,graduate,no,no,online,sunny,6.6,7.3,30,1,none
359,19,male,bba,1st year,school,yes,no,offline,sunny,3.6,6.8,5,1,none
360,23,female,bca,1st year,school,no,yes,offline,sunny,4.9,6.9,5,1,none
361,22,male,ba,1st year,graduate,yes,no,offline,sunny,4.6,7.2,31,1,none
362,21,male,bsc,2nd year,graduate,yes,yes,offline,cloudy,4.9,7.5,59,1,none
363,20,female,bba,1st year,school,yes,yes,online,sunny,0.5,6.8,20,0,other
364,19,male,bsc,2nd year,postgraduate,yes,yes,offline,sunny,3.2,7.8,64,1,none
365,19,male,bca,1st year,school,yes,no,offline,sunny,3.7,8.2,30,1,none
366,23,female,bba,2nd year,school,yes,yes,offline,cloudy,5.7,7.3,22,1,none
367,20,male,bca,2nd year,school,yes,yes,offline,cloudy,1.9,6.3,22,0,transport
368,21,female,bba,1st year,graduate,no,no,online,sunny,1.2,6.8,55,0,family
369,23,female,bba,2nd year,postgraduate,yes,yes,offline,sunny,4.2,7.8,31,1,none
370,21,male,bba,1st year,postgraduate,yes,yes,offline,sunny,6.2,9,40,1,none
371,19,female,bsc,1st year,graduate,yes,yes,offline,rainy,7.8,7.4,29,1,none
372,19,male,bcom,3rd year,school,yes,no,offline,rainy,0.5,6.2,29,0,other
373,21,male,bcom,2nd year,graduate,no,no,offline,sunny,2.8,5.1,23,0,other
374,18,male,ba,2nd year,graduate,yes,no,online,cloudy,2.1,9.1,25,1,none
375,18,male,bca,3rd year,school,yes,yes,online,sunny,6.3,6.2,21,1,none
376,19,male,ba,3rd year,graduate,yes,no,offline,rainy,3.8,6.7,5,1,none
377,20,male,bsc,3rd year,graduate,yes,no,offline,sunny,4.1,7.9,44,1,none
378,23,male,bba,2nd year,graduate,yes,yes,online,sunny,3.8,7.7,43,1,none
379,24,male,ba,3rd year,graduate,yes,no,offline,cloudy,2.9,7.4,39,1,none
380,23,male,bcom,1st year,graduate,no,yes,offline,sunny,7.1,8.2,24,1,none
381,19,male,ba,1st year,postgraduate,yes,no,offline,rainy,3.6,7,67,0,transport
382,19,male,bsc,3rd year,school,yes,yes,offline,sunny,2.5,7.6,47,1,none
383,18,male,bba,3rd year,graduate,yes,yes,offline,cloudy,4.5,5.9,54,1,none
384,21,female,bba,3rd year,school,no,no,offline,sunny,3.2,7.2,46,0,other
385,21,male,ba,2nd year,graduate,yes,yes,offline,cloudy,6.9,8.8,14,1,none
386,17,male,bca,2nd year,graduate,yes,no,online,rainy,3.1,7.6,53,0,illness
387,18,female,ba,2nd year,graduate,yes,no,offline,rainy,5.4,6.3,30,1,none
388,20,male,bca,2nd year,graduate,yes,no,offline,sunny,4.7,5.1,27,1,none
389,18,male,ba,2nd year,school,yes,yes,offline,cloudy,5.7,7.1,20,1,none
390,19,female,bcom,3rd year,postgraduate,no,yes,offline,sunny,6.6,7.1,31,1,none
391,20,female,bba,2nd year,postgraduate,yes,no,online,cloudy,3.4,7.2,30,1,none
392,19,male,bcom,2nd year,school,yes,yes,online,cloudy,5.8,5.9,39,0,other
393,22,female,ba,3rd year,graduate,yes,no,offline,sunny,6.8,7,15,1,none
394,18,female,bcom,2nd year,postgraduate,yes,no,offline,sunny,5.1,5.5,47,1,none
395,21,male,bcom,2nd year,graduate,yes,no,offline,cloudy,3.4,7.3,35,1,none
396,19,female,bca,2nd year,school,yes,no,offline,sunny,5.7,5.5,5,1,none
397,19,male,ba,2nd year,school,yes,no,online,sunny,4.1,8.4,17,1,none
398,19,male,ba,2nd year,graduate,yes,yes,online,sunny,6,6.7,48,1,none
399,24,female,bca,1st year,graduate,yes,no,offline,cloudy,4.2,6.7,5,1,none
400,23,male,bba,1st year,graduate,no,yes,offline,sunny,6.3,5.3,47,0,weather
401,20,male,bcom,2nd year,school,yes,yes,offline,rainy,2.4,7.8,47,0,illness
402,23,female,bba,3rd year,postgraduate,yes,yes,offline,sunny,5.4,7.7,27,1,none
403,19,male,ba,2nd year,graduate,yes,yes,online,sunny,5.9,6.8,34,1,none
404,20,male,bcom,1st year,graduate,no,no,offline,cloudy,5.1,7.3,52,1,none
405,21,female,bca,2nd year,graduate,yes,yes,offline,cloudy,3.4,7.6,47,0,illness
406,20,male,bba,2nd year,school,yes,yes,offline,sunny,4.8,5.6,24,1,none
407,18,female,bca,3rd year,postgraduate,yes,no,offline,cloudy,3.5,5.8,41,1,none
408,19,male,bca,1st year,postgraduate,yes,no,offline,cloudy,5.6,7.5,48,1,none
409,23,female,bcom,2nd year,school,yes,no,offline,sunny,4.6,6,26,1,none
410,22,female,bba,2nd year,school,yes,no,offline,sunny,5.7,4.5,31,1,none
411,18,female,bsc,3rd year,graduate,no,no,offline,sunny,6,6.3,16,1,none
412,19,male,bba,3rd year,graduate,yes,no,offline,sunny,6.5,7.9,22,1,none
413,22,female,bcom,1st year,graduate,no,no,offline,sunny,6,7.2,5,1,none
414,20,male,bsc,3rd year,graduate,yes,yes,offline,rainy,4.9,7.2,43,1,none
415,18,male,bsc,1st year,graduate,no,yes,offline,rainy,2,6.6,17,0,family
416,21,female,bba,3rd year,school,no,yes,offline,sunny,6.1,7,28,1,none
417,18,male,bsc,1st year,school,yes,no,online,rainy,4.3,5.3,37,0,other
418,21,female,ba,1st year,graduate,yes,no,offline,cloudy,3.5,5.3,33,1,none
419,22,male,bba,1st year,school,yes,no,offline,cloudy,4.5,7.6,54,1,none
420,18,male,bcom,3rd year,graduate,yes,no,offline,cloudy,3.8,7.9,6,1,none
421,18,male,bsc,1st year,graduate,yes,no,online,rainy,0.5,6.8,8,0,transport
422,17,male,bca,1st year,graduate,yes,no,offline,cloudy,7.5,7.2,29,1,none
423,20,male,bsc,2nd year,postgraduate,yes,no,offline,cloudy,7.5,7,78,1,none
424,19,female,bsc,1st year,school,yes,no,online,rainy,3.2,6.7,45,0,transport
425,18,female,bba,2nd year,graduate,yes,no,online,cloudy,5.1,7.9,16,1,none
426,23,female,bca,2nd year,school,no,no,offline,cloudy,4,5.4,56,0,other
427,20,male,bsc,3rd year,school,yes,no,offline,sunny,6.7,6.6,25,1,none
428,19,male,bcom,3rd year,graduate,yes,yes,offline,sunny,0.5,5.6,29,1,none
429,21,male,bba,1st year,school,yes,no,online,sunny,4.4,5.5,44,1,none
430,18,male,bca,2nd year,graduate,yes,no,offline,rainy,3,5.9,13,1,none
431,20,male,bcom,2nd year,school,no,yes,offline,cloudy,6.7,4.9,43,0,weather
432,22,female,bca,1st year,postgraduate,no,no,online,rainy,5.7,7.3,36,1,none
433,21,male,bcom,1st year,school,yes,yes,offline,sunny,5.5,8.3,37,1,none
434,18,female,bba,1st year,postgraduate,yes,no,offline,sunny,3.7,6.5,25,1,none
435,19,male,ba,2nd year,postgraduate,yes,yes,online,sunny,2.1,7.3,31,1,none
436,19,male,bcom,1st year,graduate,yes,no,online,cloudy,1.5,8.1,29,1,none
437,18,female,bsc,3rd year,school,yes,yes,offline,sunny,4.3,7,40,1,none
438,20,male,ba,2nd year,school,no,yes,offline,rainy,4.6,7.6,15,1,none
439,21,male,ba,1st year,postgraduate,yes,no,offline,cloudy,4.4,6.6,35,1,none
440,21,female,ba,2nd year,school,yes,no,offline,cloudy,4.4,6.3,29,1,none
441,18,male,ba,1st year,graduate,yes,yes,offline,cloudy,4.5,6.9,21,1,none
442,22,female,bba,1st year,graduate,no,yes,offline,sunny,4.6,7.1,8,1,none
443,17,female,bba,1st year,postgraduate,yes,no,offline,sunny,5.4,6.9,21,1,none
444,22,male,bba,3rd year,graduate,yes,no,offline,rainy,0.8,6.7,47,0,family
445,18,male,ba,1st year,school,no,no,offline,sunny,4.3,6.9,19,1,none
446,18,male,ba,2nd year,school,yes,no,online,sunny,3.1,7.7,39,0,personal
447,21,male,bca,3rd year,graduate,no,no,offline,sunny,3.2,5.6,61,0,illness
448,20,female,bsc,1st year,school,yes,no,online,sunny,5.4,8.5,13,1,none
449,19,female,ba,3rd year,school,yes,no,offline,rainy,4.6,8.6,18,1,none
450,18,male,bba,3rd year,graduate,yes,yes,offline,sunny,4.1,7,10,1,none
451,19,female,bcom,1st year,school,yes,no,offline,rainy,5.3,7.6,23,1,none
452,19,female,bsc,2nd year,postgraduate,yes,yes,offline,rainy,8.2,6.7,32,1,none
453,21,male,bba,1st year,school,yes,no,offline,cloudy,4.1,6.4,5,1,none
454,18,female,bcom,1st year,graduate,yes,yes,offline,sunny,2.9,4.5,35,0,weather
455,21,female,bsc,1st year,school,yes,no,offline,sunny,0.5,6.6,25,0,transport
456,20,male,bca,1st year,postgraduate,yes,no,online,sunny,5,6.5,13,1,none
457,18,male,bca,3rd year,graduate,yes,no,offline,sunny,3.6,6.5,36,1,none
458,19,female,bcom,2nd year,postgraduate,yes,no,offline,sunny,4.3,5.6,5,1,none
459,18,male,bba,2nd year,graduate,yes,no,offline,rainy,6,6.4,43,1,none
460,20,female,ba,2nd year,graduate,yes,yes,offline,rainy,4.6,7.4,16,1,none
461,21,male,bcom,2nd year,graduate,yes,no,offline,sunny,6,7.5,24,1,none
462,22,male,ba,1st year,graduate,yes,no,offline,sunny,5.2,6.7,46,1,none
463,19,female,bsc,2nd year,graduate,yes,no,online,sunny,3,8.7,23,1,none
464,17,male,bba,1st year,graduate,yes,no,offline,rainy,4.7,7.7,27,1,none
465,18,female,bba,3rd year,school,yes,no,online,sunny,1.7,5.6,56,0,family
466,21,female,bca,1st year,school,yes,no,online,sunny,3.1,8.7,68,1,none
467,19,female,bca,2nd year,postgraduate,yes,no,offline,sunny,1.2,8.4,5,1,none
468,20,female,ba,3rd year,postgraduate,yes,yes,online,sunny,3.3,6.2,14,1,none
469,17,female,ba,1st year,graduate,yes,yes,offline,cloudy,1.8,7.6,18,1,none
470,22,male,bca,1st year,graduate,no,no,offline,cloudy,7.5,6.5,29,1,none
471,23,male,bcom,3rd year,graduate,yes,yes,online,rainy,8.1,7.4,65,1,none
472,21,female,bcom,1st year,postgraduate,no,no,offline,sunny,6.1,8,19,1,none
473,19,female,bca,1st year,graduate,no,no,offline,cloudy,2.3,8.4,6,0,illness
474,21,male,bca,2nd year,school,yes,no,online,sunny,5.2,8.8,28,1,none
475,18,male,bcom,2nd year,school,yes,yes,offline,cloudy,3.7,8.5,21,1,none
476,18,female,bca,2nd year,postgraduate,yes,no,offline,rainy,4.8,6.2,30,1,none
477,21,female,ba,3rd year,school,yes,yes,offline,sunny,6.6,5.8,47,1,none
478,20,male,bsc,2nd year,postgraduate,yes,yes,offline,cloudy,5.3,6.7,46,1,none
479,22,female,bcom,1st year,school,yes,no,offline,sunny,4.1,7.8,46,1,none
480,21,female,bba,2nd year,postgraduate,no,no,offline,cloudy,6.7,6.6,29,1,none
481,19,male,bba,1st year,postgraduate,yes,no,offline,sunny,4.8,6.7,28,1,none
482,17,male,bcom,1st year,school,yes,yes,offline,rainy,2.2,5.5,26,0,family
483,19,male,bsc,3rd year,school,yes,no,offline,sunny,4.3,5.7,7,1,none
484,20,female,bca,1st year,graduate,no,no,online,sunny,6.3,7.2,54,0,transport
485,19,male,bba,2nd year,graduate,yes,yes,offline,sunny,7.2,6.2,58,1,none
486,21,male,ba,2nd year,graduate,yes,no,offline,sunny,5,7.7,17,1,none
487,23,male,bca,3rd year,graduate,yes,yes,offline,cloudy,4.6,8.8,29,1,none
488,19,male,bcom,3rd year,graduate,yes,yes,offline,cloudy,5,6.4,5,1,none
489,19,male,ba,3rd year,graduate,no,no,offline,rainy,5.9,8.2,11,1,none
490,21,male,bba,1st year,school,yes,no,offline,sunny,6.1,8,37,1,none
491,19,male,ba,3rd year,graduate,yes,yes,offline,rainy,5.3,7.1,34,1,none
492,20,male,bba,2nd year,graduate,yes,no,offline,cloudy,4.5,7.9,36,1,none
493,21,male,bcom,1st year,postgraduate,yes,no,offline,sunny,5,8.4,14,1,none
494,24,female,bsc,1st year,graduate,yes,yes,offline,cloudy,2.4,8,35,1,none
495,20,male,bba,2nd year,school,yes,no,offline,sunny,4.9,7,9,1,none
496,20,male,ba,3rd year,school,yes,no,offline,rainy,4,6.1,71,0,family
497,22,female,bba,1st year,postgraduate,yes,no,offline,sunny,4.6,6.8,32,1,none
498,22,female,ba,3rd year,graduate,no,yes,offline,cloudy,4.6,6.6,9,1,none
499,19,male,bba,3rd year,graduate,yes,no,offline,sunny,6.3,7.6,44,1,none
500,18,female,bca,3rd year,graduate,yes,yes,offline,rainy,3.8,7.4,27,1,none
501,19,female,bca,1st year,postgraduate,yes,yes,offline,sunny,5.7,8.1,31,1,none
502,20,female,bba,1st year,graduate,yes,no,offline,sunny,5.2,8,5,1,none
503,17,male,bca,1st year,postgraduate,yes,yes,offline,sunny,5.4,5.2,25,1,none
504,20,female,ba,2nd year,graduate,yes,yes,online,rainy,2.9,7.6,5,0,weather
505,21,male,bsc,2nd year,graduate,yes,no,online,sunny,8,7.8,25,1,none
506,18,male,ba,2nd year,graduate,no,no,offline,rainy,2.3,6.5,21,0,transport
507,18,male,bcom,3rd year,graduate,yes,yes,online,sunny,7.7,5.1,29,1,none
508,23,male,bsc,3rd year,school,yes,no,offline,cloudy,2.6,6.3,62,0,weather
509,18,male,bsc,2nd year,school,yes,yes,offline,sunny,1.1,5.9,33,0,transport
510,22,female,bcom,1st year,graduate,yes,no,offline,rainy,3.1,6.1,14,1,none
511,21,female,bsc,2nd year,graduate,yes,yes,offline,cloudy,5.7,8.1,51,1,none
512,22,female,bsc,3rd year,school,yes,no,offline,rainy,6.7,6.2,22,1,none
513,18,female,ba,1st year,graduate,no,no,online,rainy,7.5,6.8,65,0,illness
514,21,female,bba,2nd year,graduate,yes,yes,offline,rainy,2.5,5.9,61,0,personal
515,20,male,bca,3rd year,graduate,yes,no,offline,sunny,2.8,6.9,5,1,none
516,19,male,bba,3rd year,graduate,yes,no,online,sunny,5.3,8.5,41,1,none
517,20,female,bcom,3rd year,postgraduate,yes,yes,offline,rainy,1.4,8.3,41,1,none
518,22,female,ba,2nd year,school,no,no,offline,sunny,1.3,8.7,30,1,none
519,20,female,bca,1st year,school,yes,no,offline,cloudy,4.2,6,56,0,personal
520,18,female,bca,2nd year,graduate,yes,no,offline,sunny,2.3,6.7,5,1,none
521,17,female,bsc,3rd year,graduate,yes,yes,offline,sunny,5.2,6.2,26,1,none
522,17,female,bsc,2nd year,school,no,no,online,cloudy,3.8,8.8,77,0,family
523,21,male,bba,3rd year,school,yes,yes,offline,cloudy,6.7,7.5,28,1,none
524,18,male,bcom,3rd year,graduate,yes,no,online,sunny,5.2,7.6,16,1,none
525,20,female,bcom,2nd year,graduate,yes,no,offline,sunny,4.8,6.2,36,1,none
526,21,female,bba,3rd year,graduate,yes,yes,offline,cloudy,3.6,6.4,15,1,none
527,24,female,bcom,3rd year,school,yes,yes,offline,cloudy,1.3,8.1,22,1,none
528,18,female,bsc,3rd year,graduate,yes,yes,offline,sunny,4.6,7.8,5,1,none
529,19,male,bcom,1st year,graduate,no,no,offline,cloudy,5.7,7.9,38,1,none
530,20,male,bca,1st year,school,yes,no,offline,sunny,2.5,7.4,27,1,none
531,23,female,bba,2nd year,graduate,yes,yes,online,sunny,9,8.6,56,1,none
532,19,female,bcom,2nd year,graduate,yes,yes,offline,sunny,3.6,6.5,17,1,none
533,18,female,bba,3rd year,school,yes,yes,offline,cloudy,0.5,6.8,5,0,family
534,21,male,ba,1st year,school,yes,yes,online,sunny,7.9,6.5,28,1,none
535,18,female,bcom,1st year,school,no,no,offline,cloudy,3.8,6.1,36,0,illness
536,22,female,bca,3rd year,graduate,yes,no,offline,sunny,2.3,6.1,13,1,none
537,21,female,bba,2nd year,graduate,yes,no,online,cloudy,3.4,6,20,1,none
538,20,male,ba,3rd year,school,yes,no,offline,rainy,3.9,5.5,16,1,none
539,19,female,bcom,1st year,graduate,yes,no,online,cloudy,4.1,7.1,46,0,transport
540,19,female,ba,1st year,graduate,yes,no,offline,cloudy,4,6.7,51,1,none
541,21,male,bsc,1st year,graduate,yes,no,offline,cloudy,1.6,4.8,19,0,personal
542,21,male,bba,2nd year,graduate,yes,yes,offline,cloudy,4.5,8.3,40,1,none
543,19,female,ba,1st year,school,yes,no,online,cloudy,6.4,7.5,56,1,none
544,20,male,ba,3rd year,graduate,no,no,offline,sunny,4.8,8.3,14,1,none
545,20,female,ba,2nd year,graduate,yes,no,offline,cloudy,2.3,7.9,38,0,transport
546,23,female,bca,1st year,graduate,no,no,offline,rainy,6.1,7.8,5,1,none
547,21,male,ba,1st year,postgraduate,no,yes,offline,cloudy,0.5,6.3,54,0,transport
548,21,male,bsc,2nd year,graduate,yes,no,offline,cloudy,5.9,6.8,25,1,none
549,18,male,ba,2nd year,graduate,yes,yes,online,cloudy,5.4,5.6,23,1,none
550,18,female,bcom,3rd year,graduate,yes,no,online,rainy,1.7,7.9,61,1,none
551,19,male,bca,3rd year,school,yes,no,online,rainy,3.7,5.8,17,0,illness
552,22,female,bca,3rd year,school,yes,yes,offline,sunny,2.8,6.6,5,1,none
553,20,male,bca,1st year,graduate,yes,no,online,sunny,5.6,7.9,5,1,none
554,19,female,bcom,2nd year,school,no,no,online,sunny,5.5,6.4,49,0,transport
555,20,female,bsc,1st year,graduate,yes,yes,offline,rainy,6.1,6.7,20,1,none
556,19,male,bcom,2nd year,school,no,no,offline,sunny,6.1,6.6,26,1,none
557,18,female,bba,1st year,postgraduate,yes,no,offline,sunny,6.4,5.2,63,0,weather
558,20,male,bba,2nd year,postgraduate,yes,no,offline,rainy,6.7,6.5,30,1,none
559,21,female,bba,2nd year,postgraduate,yes,no,offline,sunny,2,7.8,36,1,none
560,21,female,bca,1st year,school,yes,yes,offline,sunny,6.3,6,5,1,none
561,18,female,bba,2nd year,school,yes,no,offline,cloudy,5.6,10,56,1,none
562,18,male,bca,1st year,postgraduate,no,no,offline,cloudy,4.1,4.5,9,0,transport
563,21,male,ba,1st year,postgraduate,yes,yes,offline,sunny,4.9,7.7,35,1,none
564,20,female,bba,2nd year,graduate,no,no,offline,cloudy,4.8,5.3,46,0,illness
565,21,male,bcom,2nd year,school,yes,yes,offline,cloudy,4.3,5.7,32,0,other
566,19,male,bcom,2nd year,graduate,yes,no,offline,sunny,6.1,7.5,32,1,none
567,21,male,bba,1st year,graduate,yes,no,offline,rainy,5.7,6.1,73,0,illness
568,18,female,bcom,1st year,school,yes,no,online,cloudy,5.4,6.4,24,1,none
569,21,female,ba,3rd year,graduate,yes,no,offline,cloudy,4.1,6.7,11,1,none
570,17,male,bcom,1st year,graduate,no,no,offline,sunny,5.8,8.2,26,1,none
571,17,female,bca,3rd year,graduate,yes,yes,offline,cloudy,5.3,6,12,1,none
572,22,male,bcom,2nd year,graduate,yes,yes,offline,sunny,1.4,6.2,30,1,none
573,23,male,bsc,3rd year,graduate,yes,yes,offline,sunny,3,6.8,30,1,none
574,18,female,bca,1st year,graduate,yes,no,offline,rainy,7.8,6.6,13,1,none
575,21,female,bba,3rd year,graduate,no,no,offline,cloudy,4.4,6.7,51,0,transport
576,19,male,bcom,2nd year,graduate,yes,no,offline,cloudy,6,6.3,29,1,none
577,22,male,bcom,2nd year,graduate,yes,yes,online,sunny,2,7,16,1,none
578,20,female,ba,3rd year,school,yes,yes,online,cloudy,6.4,7.5,25,1,none
579,20,female,ba,2nd year,postgraduate,yes,no,online,sunny,6.2,8.9,30,1,none
580,21,male,bba,2nd year,school,yes,yes,offline,sunny,7,7.1,68,1,none
581,21,male,bcom,1st year,graduate,yes,no,offline,sunny,4.1,7.6,41,1,none
582,18,male,bcom,1st year,postgraduate,yes,no,offline,sunny,4.8,6.4,46,1,none
583,23,male,bba,1st year,graduate,yes,yes,offline,cloudy,4.1,7.6,36,1,none
584,18,male,bsc,1st year,postgraduate,yes,no,offline,cloudy,3.6,6,8,1,none
585,19,female,bca,2nd year,postgraduate,yes,no,offline,cloudy,2.8,5.9,9,1,none
586,22,male,bca,1st year,graduate,yes,no,offline,cloudy,5.6,7.4,25,1,none
587,20,female,bsc,3rd year,school,yes,no,offline,sunny,7.6,9.1,33,1,none
588,21,female,bca,3rd year,graduate,yes,no,online,sunny,4.9,6.1,91,0,family
589,19,male,bcom,3rd year,graduate,yes,yes,offline,sunny,3.4,5.7,15,1,none
590,23,male,bba,1st year,graduate,yes,no,offline,rainy,5.3,7.7,60,1,none
591,20,female,bba,3rd year,school,yes,no,offline,rainy,6,7.8,38,1,none
592,21,male,bca,1st year,graduate,yes,no,offline,sunny,3.3,8.6,38,1,none
593,21,female,bba,1st year,school,yes,yes,offline,rainy,2.6,4.8,35,0,other
594,19,female,bca,3rd year,graduate,no,no,offline,sunny,4.3,8.1,16,1,none
595,22,female,bsc,1st year,school,no,yes,offline,cloudy,3.4,10,15,1,none
596,18,female,bcom,1st year,graduate,yes,no,online,sunny,4.6,7.5,49,1,none
597,19,female,bsc,3rd year,postgraduate,yes,no,offline,sunny,2.8,9.4,39,1,none
598,20,female,bsc,2nd year,graduate,yes,yes,offline,rainy,5.2,7.1,18,1,none
599,17,female,bca,3rd year,graduate,yes,no,online,sunny,5.9,7.7,40,1,none
600,20,female,bba,1st year,graduate,yes,no,offline,cloudy,4.4,6.9,5,1,none
601,22,female,bca,2nd year,graduate,no,yes,offline,cloudy,7,7.5,5,1,none
602,23,male,bba,3rd year,postgraduate,no,no,offline,cloudy,5.1,7.9,26,1,none
603,17,female,bcom,2nd year,graduate,yes,yes,offline,sunny,5.3,6.3,28,1,none
604,19,male,ba,3rd year,graduate,yes,no,offline,cloudy,3.6,6.9,26,1,none
605,22,female,bsc,3rd year,postgraduate,yes,no,offline,cloudy,3,7.2,52,0,weather
606,19,male,bsc,1st year,postgraduate,yes,no,offline,cloudy,4.3,6.8,30,1,none
607,18,male,bsc,1st year,graduate,yes,no,offline,cloudy,4.3,8.6,43,1,none
608,21,male,bcom,1st year,graduate,yes,no,offline,cloudy,2.1,7.9,26,1,none
609,20,female,bsc,3rd year,school,yes,yes,offline,sunny,8.8,8.4,22,1,none
610,18,female,bba,1st year,graduate,yes,yes,online,sunny,5.4,7.6,45,1,none
611,19,male,bba,2nd year,graduate,yes,yes,offline,rainy,4.4,6.7,5,1,none
612,18,female,ba,3rd year,school,no,no,offline,sunny,4.5,6.8,21,1,none
613,24,male,bba,3rd year,graduate,yes,yes,offline,sunny,3.5,6.5,68,0,illness
614,20,female,bba,2nd year,postgraduate,yes,yes,online,sunny,3.4,5.6,11,1,none
615,18,female,ba,3rd year,graduate,yes,yes,online,rainy,5.2,7.3,47,1,none
616,19,male,bcom,1st year,graduate,yes,no,offline,sunny,2.4,7.3,54,1,none
617,20,female,bsc,3rd year,graduate,yes,yes,online,sunny,3.5,7.4,19,1,none
618,22,male,bca,2nd year,school,yes,no,offline,cloudy,4.2,8.3,49,1,none
619,23,male,bca,3rd year,postgraduate,yes,no,online,sunny,8,7,30,1,none
620,19,male,bca,3rd year,graduate,no,yes,offline,sunny,6.8,6.5,44,1,none
621,21,male,ba,2nd year,graduate,no,yes,offline,sunny,4.6,7.8,10,1,none
622,20,female,ba,2nd year,postgraduate,no,no,online,sunny,5.4,5.3,28,1,none
623,22,male,bca,1st year,school,yes,no,offline,sunny,6.5,6.6,12,1,none
624,21,male,bsc,1st year,graduate,yes,no,online,sunny,4.5,6,20,1,none
625,20,female,bsc,2nd year,school,yes,no,offline,rainy,2,7,20,1,none
626,22,female,bca,3rd year,school,no,no,online,cloudy,3.2,7.6,30,1,none
627,18,female,bba,3rd year,school,yes,yes,offline,cloudy,4.9,9,16,1,none
628,19,male,bba,1st year,school,yes,no,offline,cloudy,1.2,6.1,17,0,transport
629,18,female,bsc,1st year,graduate,yes,yes,offline,cloudy,5.7,8.8,26,1,none
630,19,male,bba,3rd year,school,yes,no,online,cloudy,3.7,6.5,31,1,none
631,20,female,bba,3rd year,school,yes,no,offline,cloudy,5.7,7.3,55,1,none
632,18,female,bba,3rd year,graduate,yes,yes,offline,sunny,4.2,6.7,31,1,none
633,23,male,ba,2nd year,graduate,no,yes,offline,cloudy,4.4,7.9,16,1,none
634,21,male,ba,2nd year,school,yes,yes,online,sunny,3.3,5.8,36,0,illness
635,19,female,ba,2nd year,graduate,yes,no,offline,sunny,3.6,6.8,60,1,none
636,22,male,ba,2nd year,school,yes,no,offline,sunny,7.1,8.4,39,1,none
637,18,female,bsc,2nd year,postgraduate,yes,no,offline,sunny,2,6.6,15,1,none
638,19,female,bba,1st year,school,yes,no,offline,sunny,5.9,6.6,19,1,none
639,17,female,bba,2nd year,graduate,yes,no,offline,cloudy,5.5,6.8,41,1,none
640,21,male,ba,3rd year,graduate,yes,no,offline,cloudy,5.2,8.1,27,1,none
641,19,male,bba,1st year,graduate,yes,no,offline,cloudy,2.5,6.5,37,1,none
642,18,male,bca,1st year,graduate,yes,yes,offline,cloudy,4.6,5.7,52,1,none
643,22,male,bca,1st year,school,yes,yes,offline,cloudy,6.2,6,18,1,none
644,19,male,bcom,2nd year,postgraduate,yes,no,offline,sunny,4.9,8,34,1,none
645,21,female,bcom,2nd year,school,yes,yes,offline,rainy,6.5,8.3,27,1,none
646,19,female,bcom,2nd year,graduate,yes,yes,offline,rainy,6.7,7.2,21,1,none
647,20,male,bcom,1st year,school,yes,no,offline,sunny,6,7.2,27,1,none
648,18,male,ba,3rd year,graduate,yes,no,offline,cloudy,5.4,6.8,19,1,none
649,21,female,bsc,2nd year,graduate,yes,no,online,sunny,6.8,7.3,38,1,none
650,23,female,bca,1st year,school,yes,no,offline,cloudy,5.6,7.6,25,1,none
651,20,female,bsc,3rd year,graduate,no,no,offline,sunny,4.4,6.3,5,1,none
652,18,female,bsc,1st year,graduate,yes,yes,offline,cloudy,4,6.1,23,1,none
653,22,female,bca,2nd year,graduate,yes,yes,online,sunny,5.3,8.7,8,1,none
654,20,female,bca,3rd year,graduate,yes,yes,offline,sunny,4,6.7,46,1,none
655,21,female,bca,2nd year,postgraduate,yes,no,offline,cloudy,5.9,6.9,51,1,none
656,22,female,bca,1st year,school,yes,no,offline,cloudy,4.2,5.9,38,1,none
657,20,female,bba,2nd year,graduate,yes,no,offline,sunny,5.2,7.5,35,1,none
658,18,male,ba,2nd year,graduate,yes,no,offline,sunny,5.8,7.3,6,1,none
659,23,male,bba,1st year,school,yes,no,offline,rainy,4.6,7,32,1,none
660,22,male,bcom,2nd year,graduate,no,yes,offline,cloudy,3.4,6.8,32,0,weather
661,20,female,ba,2nd year,school,yes,no,offline,sunny,4.8,6,14,1,none
662,19,female,bsc,2nd year,school,yes,no,offline,cloudy,2.7,7,17,0,illness
663,22,female,bsc,3rd year,school,yes,no,offline,rainy,2.8,7.1,42,0,personal
664,18,female,bca,2nd year,school,yes,yes,offline,sunny,5.9,7.1,39,1,none
665,22,male,ba,3rd year,graduate,yes,yes,offline,sunny,3.8,6.1,5,1,none
666,20,male,ba,2nd year,graduate,yes,yes,offline,cloudy,6.6,7,39,1,none
667,19,male,bba,3rd year,postgraduate,yes,no,offline,sunny,4.6,7,36,1,none
668,19,male,bcom,2nd year,school,no,no,offline,sunny,6,8.5,47,1,none
669,19,female,bba,1st year,graduate,yes,no,offline,cloudy,4.7,7,79,1,none
670,18,female,bcom,3rd year,graduate,yes,no,offline,sunny,6.7,6.7,58,1,none
671,22,male,bca,2nd year,school,yes,no,offline,sunny,2.3,6.7,40,0,other
672,22,male,bba,1st year,school,yes,no,online,sunny,5,7.7,29,1,none
673,20,male,bca,3rd year,postgraduate,yes,no,online,cloudy,5.2,4.6,27,1,none
674,19,female,ba,1st year,school,yes,no,offline,sunny,5.2,5.3,68,1,none
675,20,female,ba,1st year,graduate,yes,no,offline,cloudy,3.6,5.8,13,1,none
676,20,male,bcom,1st year,graduate,no,no,offline,cloudy,4.8,7,28,1,none
677,21,male,bsc,3rd year,graduate,yes,yes,offline,sunny,7.3,6.4,24,1,none
678,20,male,bca,1st year,graduate,yes,yes,offline,cloudy,1.9,7.3,34,1,none
679,22,male,bca,3rd year,graduate,yes,no,offline,cloudy,2.7,6.9,24,1,none
680,18,male,bcom,1st year,school,yes,no,offline,cloudy,4.4,6.5,8,1,none
681,18,female,bca,3rd year,graduate,no,yes,offline,cloudy,3.2,7,19,1,none
682,21,male,bcom,2nd year,school,yes,yes,online,cloudy,5.5,5.7,21,1,none
683,24,male,bca,3rd year,graduate,yes,yes,offline,cloudy,3.3,8.5,9,1,none
684,20,male,bcom,3rd year,graduate,yes,yes,offline,rainy,3.2,7.3,78,0,weather
685,19,male,bsc,1st year,graduate,yes,no,offline,sunny,2.4,9.1,45,1,none
686,18,female,bba,2nd year,postgraduate,yes,no,online,sunny,1.7,6.7,5,0,weather
687,22,female,ba,3rd year,graduate,yes,no,offline,sunny,3.7,8.2,16,1,none
688,18,male,bcom,3rd year,graduate,yes,no,online,rainy,4.5,7,30,1,none
689,20,female,ba,2nd year,postgraduate,yes,no,offline,cloudy,6.9,6.7,63,1,none
690,17,female,bsc,1st year,school,yes,no,offline,cloudy,3.8,7.8,17,1,none
691,20,female,bsc,2nd year,graduate,yes,no,online,rainy,8.9,6.9,17,1,none
692,19,male,bsc,3rd year,graduate,yes,no,online,sunny,6.3,5.3,48,1,none
693,21,male,bcom,1st year,graduate,yes,no,offline,sunny,3.4,7.5,28,1,none
694,18,male,ba,1st year,school,yes,yes,offline,sunny,7.4,7.2,16,1,none
695,23,female,bba,2nd year,school,yes,no,offline,sunny,6.4,8.5,5,1,none
696,19,male,bcom,3rd year,postgraduate,no,no,offline,sunny,5.6,8,24,1,none
697,19,male,bcom,1st year,graduate,yes,yes,offline,sunny,4.1,6.9,32,1,none
698,22,female,ba,1st year,school,yes,yes,offline,sunny,4.6,7.3,43,1,none
699,18,male,bba,1st year,graduate,yes,no,online,cloudy,4.8,7.4,42,1,none
700,21,male,bcom,1st year,graduate,no,yes,offline,sunny,4.3,6.5,36,1,none
701,21,female,bsc,3rd year,graduate,yes,yes,offline,cloudy,5.2,5.3,35,1,none
702,18,female,bca,3rd year,graduate,no,yes,online,cloudy,6.5,7.7,17,1,none
703,20,male,bsc,3rd year,graduate,yes,no,offline,rainy,4.1,5.2,64,0,personal
704,21,female,bba,2nd year,graduate,yes,no,offline,cloudy,4.5,7.5,19,1,none
705,20,female,bsc,1st year,graduate,yes,no,offline,sunny,8,6.6,27,1,none
706,20,male,bcom,2nd year,graduate,no,no,offline,cloudy,3.2,7.6,9,1,none
707,19,male,bsc,1st year,graduate,yes,no,offline,sunny,4.9,6.8,32,1,none
708,19,male,bsc,2nd year,postgraduate,yes,no,offline,cloudy,3.2,7.4,55,1,none
709,20,female,bca,3rd year,school,no,no,offline,rainy,2.5,8,47,0,illness
710,21,female,ba,1st year,graduate,yes,yes,offline,rainy,5.8,7.5,46,1,none
711,18,male,bsc,2nd year,school,yes,yes,online,cloudy,3,7.8,33,0,weather
712,24,male,ba,1st year,school,yes,yes,online,cloudy,6.6,6.5,42,1,none
713,20,female,bsc,2nd year,postgraduate,yes,yes,online,rainy,2.9,7.1,25,1,none
714,20,female,ba,1st year,graduate,no,no,offline,sunny,2.4,4.5,10,1,none
715,20,female,bca,2nd year,graduate,yes,yes,offline,cloudy,6.4,8.3,45,1,none
716,18,male,bca,1st year,postgraduate,no,no,online,sunny,6.7,6.8,5,1,none
717,22,male,ba,1st year,graduate,yes,no,offline,cloudy,6.6,6,27,1,none
718,19,male,bca,1st year,postgraduate,yes,no,offline,cloudy,4.4,6.8,5,1,none
719,20,female,bcom,1st year,postgraduate,yes,no,online,sunny,2.5,7.8,29,1,none
720,21,female,bcom,3rd year,school,no,no,offline,rainy,4.6,7.6,31,1,none
721,17,female,ba,1st year,school,yes,no,online,sunny,3.9,6.8,34,0,family
722,20,female,bsc,2nd year,school,yes,no,offline,cloudy,2.3,6.8,5,1,none
723,19,male,bca,1st year,school,yes,no,offline,cloudy,6.2,7.2,14,1,none
724,21,female,bba,2nd year,graduate,yes,yes,offline,rainy,0.7,6.9,24,0,illness
725,18,male,bsc,1st year,graduate,yes,yes,offline,cloudy,3.2,6.3,86,0,personal
726,19,female,bba,2nd year,graduate,no,no,offline,cloudy,4.6,6.4,33,1,none
727,18,male,bsc,2nd year,graduate,yes,no,offline,rainy,6.9,7.6,36,1,none
728,19,male,bcom,3rd year,school,no,no,online,cloudy,5.3,7.7,5,1,none
729,18,female,bba,3rd year,school,yes,yes,offline,cloudy,7.4,5.7,34,1,none
730,19,male,bca,3rd year,graduate,yes,yes,offline,cloudy,4.7,6.1,21,1,none
731,21,male,bca,1st year,school,no,yes,offline,cloudy,3.6,6.7,40,0,transport
732,23,female,ba,1st year,school,yes,yes,online,cloudy,8.1,8.2,21,1,none
733,20,male,bba,3rd year,graduate,yes,no,offline,cloudy,5,8.7,57,1,none
734,21,male,bba,1st year,graduate,yes,no,online,cloudy,4.5,6.8,45,1,none
735,19,male,bba,2nd year,school,yes,no,offline,cloudy,5.6,8.1,54,1,none
736,20,female,bsc,2nd year,graduate,yes,yes,online,cloudy,3.7,6.6,28,1,none
737,20,female,ba,1st year,school,yes,no,online,sunny,6.5,6.6,26,1,none
738,21,male,bsc,3rd year,postgraduate,yes,no,offline,sunny,5,7.2,5,1,none
739,20,female,bca,2nd year,school,yes,no,offline,rainy,3.1,7,29,0,transport
740,19,male,bsc,2nd year,graduate,yes,no,offline,rainy,5.7,7.3,36,1,none
741,20,male,bca,1st year,graduate,no,yes,offline,sunny,1.4,6.6,12,0,family
742,21,male,ba,1st year,graduate,no,yes,offline,sunny,4.8,6,13,1,none
743,19,female,bca,3rd year,school,yes,no,offline,rainy,3.2,7.6,58,1,none
744,18,male,bsc,1st year,graduate,yes,no,offline,cloudy,9,8.2,62,1,none
745,20,female,bsc,3rd year,school,yes,no,offline,cloudy,6.3,7.8,32,1,none
746,19,male,bca,1st year,school,yes,no,offline,cloudy,7.4,5.6,7,1,none
747,19,female,bca,2nd year,graduate,yes,no,offline,sunny,2.7,8.3,42,1,none
748,18,female,bcom,3rd year,graduate,yes,no,offline,sunny,2.2,6.9,28,1,none
749,18,female,bsc,3rd year,graduate,no,no,offline,rainy,5.5,7,9,1,none
750,21,female,bba,2nd year,school,yes,yes,offline,sunny,4.9,6.8,16,1,none
751,17,female,bcom,2nd year,graduate,no,yes,online,sunny,5.2,8.2,33,1,none
752,17,male,bcom,2nd year,graduate,no,no,offline,sunny,1.8,6.5,24,0,other
753,21,female,ba,1st year,postgraduate,yes,no,offline,cloudy,2.5,7.1,15,1,none
754,21,male,bcom,3rd year,postgraduate,no,no,offline,sunny,1.2,7.6,47,0,transport
755,18,female,bba,3rd year,graduate,yes,no,offline,sunny,1.5,5.9,40,0,illness
756,18,male,bca,1st year,graduate,yes,no,offline,cloudy,4.6,7.3,34,1,none
757,17,female,bca,2nd year,graduate,no,yes,offline,sunny,5.3,6.9,5,1,none
758,21,male,ba,2nd year,school,no,no,online,rainy,3.8,7.1,58,0,transport
759,20,female,bca,2nd year,graduate,yes,no,offline,cloudy,5.5,6.1,68,0,illness
760,20,female,bba,1st year,school,yes,no,online,cloudy,6.3,7.2,27,1,none
761,21,female,bba,3rd year,postgraduate,no,yes,offline,cloudy,5.9,6.7,40,1,none
762,18,female,bsc,3rd year,graduate,yes,yes,offline,cloudy,3.6,5.8,23,0,transport
763,20,male,bba,2nd year,graduate,yes,no,offline,cloudy,7.3,7.1,40,1,none
764,18,male,bca,1st year,graduate,yes,yes,online,rainy,5.5,7.5,37,1,none
765,18,male,bsc,3rd year,graduate,yes,no,offline,sunny,3,6.1,14,0,other
766,22,female,bba,1st year,school,yes,yes,offline,sunny,5.2,7.8,31,1,none
767,19,male,bca,2nd year,graduate,yes,no,offline,cloudy,5.8,6.7,34,1,none
768,18,female,bba,3rd year,graduate,no,no,offline,sunny,1.7,6.6,49,0,family
769,19,male,bsc,2nd year,school,yes,no,offline,sunny,3.5,7.1,53,1,none
770,21,male,bcom,2nd year,postgraduate,yes,no,online,rainy,6.9,8.3,42,1,none
771,19,male,ba,1st year,graduate,yes,no,offline,sunny,3.7,7.3,44,0,illness
772,18,female,bsc,3rd year,school,yes,no,offline,sunny,3.9,7.5,5,1,none
773,18,male,ba,2nd year,graduate,yes,no,online,rainy,7.6,6.4,35,1,none
774,21,male,bcom,1st year,postgraduate,yes,yes,online,cloudy,1.7,5.9,13,0,transport
775,17,female,bsc,2nd year,postgraduate,yes,no,offline,sunny,3,6.7,12,1,none
776,21,male,bsc,3rd year,school,yes,yes,offline,sunny,7.5,7.6,42,1,none
777,19,male,bba,3rd year,postgraduate,yes,yes,offline,cloudy,3.1,7.4,41,1,none
778,20,male,bsc,2nd year,postgraduate,yes,no,offline,cloudy,2.8,4.9,42,0,other
779,21,female,bca,2nd year,graduate,no,yes,offline,rainy,3.9,5.8,27,0,family
780,18,male,bba,1st year,postgraduate,yes,no,offline,sunny,7.1,5.1,30,1,none
781,19,male,bba,3rd year,postgraduate,yes,no,offline,rainy,1.1,6.5,36,0,family
782,18,female,bca,2nd year,graduate,no,no,offline,sunny,5.8,6,5,1,none
783,19,female,ba,3rd year,graduate,yes,yes,online,sunny,4.5,7.4,11,1,none
784,20,female,bca,2nd year,graduate,yes,yes,offline,cloudy,2.2,6.8,16,0,illness
785,18,male,bcom,1st year,graduate,yes,no,offline,sunny,1.5,7.5,24,1,none
786,20,male,ba,2nd year,school,yes,yes,offline,sunny,4.3,7.7,52,1,none
787,18,male,bcom,2nd year,postgraduate,yes,no,offline,sunny,3.1,4.5,57,1,none
788,18,male,bcom,2nd year,school,yes,no,offline,sunny,3.5,7.1,32,1,none
789,19,female,bba,2nd year,graduate,yes,no,offline,rainy,4.5,6.3,41,1,none
790,18,male,bba,2nd year,graduate,yes,yes,offline,sunny,5.7,8.4,6,1,none
791,20,male,bcom,2nd year,school,yes,yes,offline,cloudy,3.7,7.1,16,1,none
792,19,female,bsc,3rd year,school,yes,no,offline,sunny,2.9,7.2,5,1,none
793,22,female,ba,2nd year,graduate,no,no,offline,sunny,5.5,5.7,28,1,none
794,17,male,bsc,2nd year,graduate,yes,yes,offline,sunny,4,6.2,22,1,none
795,21,female,ba,1st year,school,yes,yes,offline,sunny,5.7,7.4,32,1,none
796,21,male,ba,2nd year,postgraduate,yes,no,offline,sunny,3.7,7.1,58,1,none
797,20,male,bsc,1st year,school,yes,no,offline,sunny,6.9,6.9,30,1,none
798,18,female,bcom,1st year,graduate,yes,no,online,sunny,4.4,7.7,45,1,none
799,21,female,bcom,1st year,school,yes,yes,offline,sunny,3.4,7.9,18,1,none
800,17,female,ba,3rd year,graduate,yes,no,online,sunny,6.2,6,47,1,none
801,21,female,ba,1st year,graduate,no,no,offline,sunny,5.5,6.7,30,1,none
802,22,male,ba,2nd year,school,yes,yes,offline,cloudy,7.4,6.3,24,1,none
803,19,male,bcom,2nd year,school,yes,yes,offline,cloudy,4.7,5.8,32,1,none
804,21,female,bba,3rd year,graduate,no,no,online,cloudy,1.5,6.5,37,0,personal
805,20,female,bsc,3rd year,school,no,yes,offline,cloudy,6.5,7.5,70,1,none
806,20,female,bcom,3rd year,graduate,no,no,online,cloudy,3.9,5.5,23,1,none
807,20,male,bca,2nd year,postgraduate,yes,yes,offline,cloudy,3.8,6.3,18,1,none
808,24,female,bsc,2nd year,graduate,no,yes,offline,sunny,2.8,7.6,19,1,none
809,18,male,bca,2nd year,graduate,yes,no,offline,cloudy,4,7.4,30,1,none
810,18,female,bca,1st year,school,yes,no,offline,sunny,3.4,8.6,25,1,none
811,19,female,bba,3rd year,graduate,yes,no,offline,sunny,1.8,7.5,38,0,weather
812,18,female,ba,1st year,school,no,no,offline,sunny,2.2,7,61,0,other
813,19,male,bcom,1st year,graduate,yes,no,offline,cloudy,6.2,6.9,26,1,none
814,23,female,bba,1st year,graduate,yes,no,offline,sunny,4.4,6.4,34,1,none
815,19,male,bcom,3rd year,school,no,no,offline,rainy,1.9,7.4,27,1,none
816,17,female,ba,3rd year,graduate,yes,yes,offline,sunny,4.1,6.8,17,1,none
817,18,male,bsc,3rd year,school,yes,no,offline,sunny,6.7,8,45,1,none
818,18,female,bba,2nd year,graduate,yes,no,online,rainy,5.4,7,24,1,none
819,19,male,bba,1st year,school,yes,no,online,sunny,1,6.1,43,0,other
820,20,male,bcom,3rd year,postgraduate,no,no,offline,sunny,5.1,6.4,43,1,none
821,23,male,bcom,2nd year,school,yes,yes,offline,sunny,4.5,7.3,45,1,none
822,20,male,bcom,3rd year,postgraduate,yes,no,online,cloudy,4.2,7.5,42,1,none
823,21,male,ba,1st year,school,yes,yes,offline,sunny,2.4,7.9,18,1,none
824,22,female,bsc,2nd year,graduate,yes,yes,offline,rainy,8.1,7.5,33,1,none
825,18,female,ba,2nd year,graduate,yes,no,offline,sunny,4,5.1,47,1,none
826,17,female,bca,3rd year,graduate,yes,yes,offline,cloudy,5.3,9.2,38,1,none
827,19,female,bba,2nd year,graduate,yes,no,offline,cloudy,4.3,7,16,1,none
828,23,female,bca,2nd year,graduate,yes,no,offline,sunny,6.2,6.5,55,1,none
829,19,female,bba,2nd year,postgraduate,yes,no,online,cloudy,3.7,7.6,57,1,none
830,24,male,bcom,3rd year,school,yes,no,offline,sunny,0.5,7.7,12,1,none
831,20,female,bsc,3rd year,postgraduate,yes,yes,offline,rainy,4.4,5.9,40,1,none
832,17,female,bcom,3rd year,postgraduate,yes,no,online,cloudy,1.2,9,36,0,other
833,18,female,ba,1st year,graduate,yes,no,offline,rainy,7.3,7.6,16,1,none
834,20,male,bcom,2nd year,graduate,yes,no,offline,rainy,2.7,6.8,26,1,none
835,22,male,ba,3rd year,school,yes,yes,online,rainy,3.8,8.1,55,0,family
836,20,female,bba,1st year,school,yes,no,online,cloudy,4.2,7.2,22,1,none
837,20,male,bsc,2nd year,postgraduate,yes,yes,offline,cloudy,5,8.1,20,1,none
838,20,female,bsc,2nd year,school,yes,no,online,sunny,2.9,6.8,63,0,illness
839,19,female,bca,2nd year,graduate,yes,yes,offline,cloudy,3.4,6.4,39,0,family
840,23,male,bsc,1st year,postgraduate,yes,yes,offline,cloudy,4.1,7.1,52,1,none
841,23,female,bcom,1st year,postgraduate,no,no,offline,cloudy,2.8,6.5,60,0,weather
842,19,female,bcom,1st year,graduate,yes,yes,online,cloudy,4.2,6,39,1,none
843,24,male,bca,1st year,postgraduate,yes,yes,offline,sunny,3.9,6.6,33,1,none
844,20,male,bca,2nd year,postgraduate,yes,no,offline,sunny,6.5,7,39,1,none
845,20,male,bca,1st year,postgraduate,yes,yes,offline,cloudy,6.9,8.4,31,1,none
846,20,male,bsc,1st year,school,yes,no,offline,sunny,1.4,6.7,40,0,family
847,19,male,bba,1st year,postgraduate,yes,yes,offline,cloudy,4.8,6.4,29,1,none
848,17,male,bcom,3rd year,graduate,yes,no,offline,rainy,1.7,6.9,20,1,none
849,21,male,bba,3rd year,school,yes,no,offline,sunny,5.7,5.8,37,1,none
850,19,female,bca,3rd year,postgraduate,yes,yes,online,cloudy,8.2,6.9,68,1,none
851,20,male,bsc,3rd year,graduate,yes,no,online,sunny,5.1,6.5,26,1,none
852,19,male,bca,1st year,graduate,no,yes,offline,cloudy,5.7,7.7,25,1,none
853,21,male,bca,2nd year,postgraduate,yes,yes,offline,sunny,6.2,6.2,9,1,none
854,18,male,ba,1st year,school,yes,no,offline,cloudy,1.7,7.8,59,0,other
855,19,female,bba,3rd year,graduate,yes,no,offline,rainy,3.6,7.4,46,1,none
856,20,female,bsc,2nd year,school,yes,no,online,rainy,4.1,7.3,64,0,weather
857,19,female,bca,3rd year,school,yes,yes,online,sunny,3.7,6,5,1,none
858,18,male,ba,2nd year,postgraduate,yes,no,offline,sunny,7.8,5.2,40,1,none
859,19,female,bcom,2nd year,school,no,no,online,sunny,4.9,5.1,22,0,illness
860,20,male,bca,3rd year,graduate,yes,yes,offline,cloudy,4.7,6.6,31,0,family
861,23,female,bsc,2nd year,school,no,yes,offline,sunny,3,6.1,51,0,family
862,19,female,bba,3rd year,graduate,yes,no,online,sunny,6.1,7.7,67,1,none
863,20,male,bsc,1st year,school,yes,no,online,rainy,7.9,8.4,24,1,none
864,18,male,bba,1st year,graduate,yes,no,online,sunny,2,8.2,53,1,none
865,19,male,bba,1st year,graduate,yes,yes,offline,sunny,7.1,8.2,29,1,none
866,21,female,bba,2nd year,postgraduate,yes,yes,online,cloudy,4.8,7.5,54,1,none
867,21,male,ba,1st year,school,no,no,online,sunny,6,6.3,5,1,none
868,19,female,bcom,3rd year,graduate,yes,yes,online,cloudy,4.2,8.4,18,1,none
869,20,female,bba,2nd year,school,yes,no,offline,sunny,4,5.4,13,1,none
870,19,female,bca,1st year,graduate,yes,no,offline,sunny,6,7,34,1,none
871,18,female,ba,2nd year,graduate,yes,yes,offline,sunny,5.6,7.4,30,1,none
872,18,female,bca,1st year,graduate,yes,no,offline,rainy,4.3,6.8,47,1,none
873,18,female,bcom,1st year,graduate,yes,no,offline,sunny,2.6,6.3,29,1,none
874,21,female,ba,2nd year,graduate,no,no,online,sunny,4.1,5.1,31,1,none
875,21,male,bca,2nd year,graduate,yes,no,online,sunny,3.3,9.1,36,1,none
876,20,male,bcom,1st year,postgraduate,yes,no,offline,cloudy,4.6,7.6,38,1,none
877,23,female,bsc,3rd year,graduate,yes,yes,offline,rainy,4.6,6.6,27,0,personal
878,24,female,bba,3rd year,graduate,yes,no,online,cloudy,3.2,7.2,38,1,none
879,20,female,bca,2nd year,graduate,yes,yes,online,cloudy,6.2,5.9,46,1,none
880,21,female,ba,2nd year,school,yes,no,offline,cloudy,6.5,7.1,30,1,none
881,20,male,bca,3rd year,graduate,yes,yes,online,rainy,5.1,5.6,12,1,none
882,19,male,bsc,3rd year,graduate,yes,no,online,sunny,4.3,9.4,50,1,none
883,18,male,bcom,2nd year,graduate,yes,no,offline,cloudy,8.3,7,22,1,none
884,23,male,bsc,1st year,school,yes,yes,offline,cloudy,6.3,7.4,5,1,none
885,21,female,bca,1st year,school,yes,no,offline,sunny,0.9,6.7,19,0,weather
886,20,male,bba,1st year,graduate,no,no,online,cloudy,0.7,6.7,26,0,other
887,21,female,bca,1st year,graduate,yes,no,offline,sunny,4.5,8.7,19,1,none
888,18,female,bsc,1st year,school,yes,yes,online,cloudy,3.8,7.4,28,1,none
889,18,male,bca,1st year,graduate,yes,no,offline,cloudy,4.7,6.5,5,1,none
890,20,female,bca,2nd year,postgraduate,yes,no,offline,rainy,4.9,5.9,27,1,none
891,20,male,bcom,1st year,school,yes,no,offline,sunny,3.5,6.3,29,0,family
892,22,female,bba,3rd year,graduate,yes,yes,offline,sunny,8.6,6.7,5,1,none
893,19,male,bca,1st year,graduate,yes,no,offline,sunny,5.4,8.2,61,1,none
894,21,male,bcom,1st year,postgraduate,yes,yes,online,rainy,2.3,5.8,26,0,weather
895,20,female,ba,2nd year,school,yes,no,online,sunny,2.8,5.9,55,1,none
896,22,male,bcom,1st year,school,yes,no,offline,cloudy,7.5,7.5,22,1,none
897,23,male,bsc,2nd year,graduate,yes,yes,offline,rainy,4.6,5.3,25,1,none
898,21,female,bba,3rd year,school,no,no,online,rainy,6.2,6.1,35,1,none
899,23,male,bsc,3rd year,school,yes,yes,offline,sunny,4.5,8.3,53,1,none
900,18,male,ba,3rd year,graduate,no,yes,online,cloudy,5,6.1,28,0,illness
901,21,female,bba,3rd year,graduate,yes,no,online,sunny,6,7.5,42,1,none
902,20,male,ba,1st year,graduate,yes,no,offline,rainy,6.1,7.5,50,1,none
903,21,female,bba,3rd year,school,yes,no,online,cloudy,3.1,6.4,54,0,other
904,22,female,bsc,3rd year,graduate,yes,yes,offline,rainy,6.6,7.8,31,1,none
905,20,female,bsc,2nd year,graduate,no,no,offline,cloudy,5.5,5,5,1,none
906,21,male,bca,3rd year,school,yes,no,online,sunny,3.5,7.5,49,1,none
907,20,female,bba,1st year,graduate,yes,no,offline,cloudy,5.7,6.2,23,1,none
908,19,male,bcom,2nd year,school,yes,yes,offline,cloudy,5.4,7.6,25,1,none
909,20,male,bca,3rd year,graduate,yes,no,offline,sunny,5.3,10,45,1,none
910,22,male,bcom,1st year,graduate,yes,no,offline,sunny,5,4.5,29,1,none
911,19,female,bsc,1st year,graduate,yes,no,offline,sunny,5.3,7.1,17,1,none
912,22,male,bsc,1st year,postgraduate,yes,yes,offline,sunny,2.6,8.1,23,1,none
913,21,female,ba,3rd year,postgraduate,yes,no,online,cloudy,0.9,8,31,0,illness
914,19,female,ba,1st year,postgraduate,no,no,offline,sunny,5.2,6.3,42,1,none
915,18,female,bba,1st year,graduate,yes,yes,online,cloudy,4.9,8.5,33,1,none
916,20,male,ba,2nd year,graduate,yes,no,offline,rainy,8.3,8.4,17,1,none
917,17,male,bsc,1st year,graduate,yes,yes,offline,cloudy,5.2,4.5,69,0,weather
918,19,male,bba,2nd year,graduate,yes,no,online,cloudy,4.4,7.9,24,1,none
919,19,male,bcom,2nd year,graduate,yes,no,offline,cloudy,2.9,5.6,31,1,none
920,20,female,ba,3rd year,school,yes,no,offline,cloudy,7.4,9,18,1,none
921,22,female,ba,2nd year,graduate,yes,no,offline,sunny,5.5,5.9,47,1,none
922,18,male,bsc,1st year,graduate,yes,yes,offline,cloudy,2.1,5.8,23,0,family
923,21,male,bba,2nd year,postgraduate,yes,no,online,sunny,3,7,31,1,none
924,20,male,bcom,3rd year,graduate,yes,yes,offline,cloudy,4.6,6.6,68,0,personal
925,19,female,bsc,1st year,postgraduate,yes,no,offline,sunny,3.8,7.8,8,1,none
926,21,female,bsc,3rd year,school,yes,yes,online,cloudy,5.4,8.6,16,1,none
927,21,female,bsc,1st year,graduate,no,yes,offline,cloudy,3.3,8.6,12,1,none
928,23,female,bsc,1st year,graduate,yes,no,offline,cloudy,6.3,7.4,18,1,none
929,20,male,bba,2nd year,graduate,yes,no,offline,sunny,4.2,8.4,26,1,none
930,19,male,bsc,3rd year,postgraduate,yes,no,offline,cloudy,5,6.6,5,1,none
931,22,male,bcom,3rd year,school,yes,no,online,sunny,3.9,6.4,30,1,none
932,24,male,bba,3rd year,postgraduate,yes,yes,offline,rainy,6.4,6.5,11,1,none
933,21,male,bca,1st year,graduate,yes,yes,offline,sunny,3.2,5.5,8,1,none
934,23,male,bca,3rd year,school,yes,yes,online,sunny,7.7,6.6,32,1,none
935,20,female,bba,3rd year,postgraduate,yes,no,offline,sunny,6,8.2,9,1,none
936,18,male,bsc,1st year,graduate,no,no,online,sunny,2.9,7.6,66,0,other
937,19,male,bca,3rd year,graduate,yes,yes,offline,sunny,2.5,7.4,36,1,none
938,22,male,bca,1st year,graduate,no,yes,offline,sunny,3.5,8.3,12,1,none
939,18,male,bcom,1st year,postgraduate,yes,no,online,rainy,7.6,7.9,11,1,none
940,17,male,bca,3rd year,school,yes,no,offline,sunny,1.8,7.9,13,1,none
941,20,male,bcom,2nd year,school,no,yes,offline,sunny,7,8.4,31,1,none
942,21,female,ba,3rd year,postgraduate,yes,no,offline,cloudy,4.2,8.1,9,1,none
943,20,female,bca,1st year,graduate,yes,no,online,sunny,4.4,7.2,44,1,none
944,20,female,bsc,3rd year,graduate,yes,no,offline,cloudy,3,7.6,58,0,weather
945,20,male,bba,1st year,graduate,yes,yes,offline,sunny,3.4,8.1,7,1,none
946,21,female,ba,2nd year,graduate,no,yes,offline,cloudy,4.2,7.5,18,1,none
947,24,female,bca,1st year,school,yes,no,offline,rainy,3.8,5.8,64,0,weather
948,19,male,bba,1st year,postgraduate,yes,yes,offline,cloudy,5.5,7,31,1,none
949,20,female,ba,2nd year,graduate,yes,no,offline,cloudy,6.6,6.3,21,1,none
950,18,male,bba,3rd year,graduate,yes,no,offline,rainy,1.7,7.2,39,0,weather
951,20,female,bsc,3rd year,school,yes,no,offline,rainy,5.8,5.5,42,1,none
952,19,male,bca,2nd year,graduate,no,no,online,rainy,2,6.1,21,0,illness
953,17,female,ba,3rd year,graduate,yes,no,offline,sunny,2.6,6.7,33,1,none
954,18,female,bba,3rd year,school,no,no,offline,sunny,5.5,8.5,15,1,none
955,21,female,ba,2nd year,postgraduate,yes,yes,online,sunny,4.5,7.9,20,1,none
956,19,female,bba,3rd year,graduate,yes,yes,offline,sunny,4.2,8.3,41,1,none
957,20,male,ba,2nd year,school,no,yes,online,sunny,5.4,7.8,5,1,none
958,18,female,bsc,1st year,postgraduate,yes,no,online,sunny,4.6,7.6,49,1,none
959,22,female,ba,1st year,postgraduate,yes,no,offline,cloudy,5.8,7.2,40,1,none
960,20,female,bcom,3rd year,graduate,yes,no,offline,sunny,4,5.5,18,1,none
961,17,male,bsc,1st year,school,yes,yes,offline,rainy,6.8,7.1,39,0,weather
962,20,female,ba,3rd year,graduate,yes,no,offline,sunny,4.2,5.7,36,1,none
963,24,female,bsc,1st year,school,no,yes,offline,sunny,1.9,7,24,0,weather
964,20,male,bca,3rd year,graduate,yes,yes,online,rainy,4.9,7.4,14,1,none
965,21,male,bba,2nd year,school,no,yes,offline,sunny,6.2,7.3,42,1,none
966,18,female,bca,1st year,graduate,yes,no,offline,cloudy,0.7,7.9,15,1,none
967,17,male,bca,2nd year,school,yes,no,online,sunny,6.2,8.4,15,1,none
968,18,male,bsc,1st year,graduate,yes,yes,offline,cloudy,2.7,5.9,40,0,family
969,20,male,bsc,2nd year,graduate,yes,yes,offline,sunny,2.4,6.1,24,1,none
970,18,male,bsc,3rd year,graduate,yes,no,offline,sunny,7.6,6.2,19,1,none
971,18,male,ba,2nd year,school,yes,yes,online,sunny,5.2,8.1,52,1,none
972,17,male,bca,1st year,graduate,yes,yes,offline,sunny,4.6,7.7,19,1,none
973,19,male,ba,1st year,school,yes,yes,online,rainy,5,8.1,27,1,none
974,19,male,ba,2nd year,graduate,no,yes,offline,sunny,4,6.2,66,0,weather
975,19,female,bca,2nd year,graduate,yes,yes,offline,cloudy,7.5,5.3,40,1,none
976,21,female,bcom,2nd year,school,yes,no,offline,cloudy,6.6,7.9,41,1,none
977,19,male,bca,3rd year,postgraduate,yes,yes,online,cloudy,6.3,6.8,21,1,none
978,19,male,bba,1st year,school,yes,yes,online,sunny,4,6.4,52,0,family
979,21,male,bba,3rd year,postgraduate,no,yes,online,sunny,5.2,6.9,9,1,none
980,18,female,bcom,1st year,graduate,yes,no,offline,sunny,2.2,8.5,25,1,none
981,21,female,bba,2nd year,graduate,yes,no,online,cloudy,9,5.4,29,1,none
982,23,female,ba,3rd year,postgraduate,yes,no,offline,sunny,4.9,7.5,55,1,none
983,18,female,bcom,2nd year,graduate,no,yes,online,sunny,2.9,6.7,48,0,family
984,24,female,bcom,2nd year,graduate,no,yes,offline,sunny,2.3,6.8,29,0,other
985,19,female,bca,1st year,postgraduate,yes,no,offline,sunny,4.3,6.3,56,1,none
986,21,female,bca,1st year,graduate,no,yes,online,cloudy,5.2,7,29,1,none
987,20,female,bba,2nd year,graduate,yes,yes,offline,cloudy,3.3,5.6,47,0,other
988,21,male,bca,1st year,postgraduate,yes,yes,offline,sunny,6.6,8,18,1,none
989,22,male,bcom,2nd year,graduate,no,no,offline,cloudy,6.9,7.8,47,1,none
990,18,female,bsc,3rd year,graduate,yes,no,offline,rainy,5.5,7,35,1,none
991,21,male,bba,2nd year,postgraduate,yes,no,offline,cloudy,6.5,6.1,17,1,none
992,19,female,ba,3rd year,postgraduate,yes,no,offline,sunny,5,7.4,11,1,none
993,18,female,bsc,3rd year,graduate,yes,no,offline,sunny,4.3,6.8,37,1,none
994,19,female,bsc,2nd year,graduate,yes,yes,online,cloudy,5.2,5.2,39,1,none
995,20,female,bcom,1st year,postgraduate,no,no,offline,sunny,4.8,8,67,0,transport
996,21,male,bca,2nd year,school,yes,no,offline,cloudy,2.7,6.8,32,1,none
997,22,male,bba,2nd year,graduate,no,yes,online,cloudy,3.8,7.2,38,0,transport
998,19,female,bcom,1st year,graduate,yes,no,offline,sunny,5.8,5.9,36,1,none
999,20,male,bca,1st year,school,yes,no,offline,rainy,5.4,7.3,21,1,none
1000,20,male,bca,2nd year,postgraduate,yes,no,offline,sunny,6.5,5.1,17,1,none
1001,18,female,bsc,1st year,school,yes,no,offline,rainy,3.5,6.9,17,0,other
1002,20,male,bsc,2nd year,graduate,yes,no,offline,sunny,2.9,7.2,22,1,none
1003,18,male,bsc,1st year,school,yes,yes,online,cloudy,2.1,5.9,18,0,illness
1004,18,male,bca,2nd year,postgraduate,yes,no,offline,cloudy,4.3,8.3,17,1,none
1005,21,male,bcom,1st year,graduate,yes,yes,offline,rainy,1.9,6.7,37,0,personal
1006,20,female,bba,2nd year,graduate,yes,yes,offline,sunny,6,7.8,42,1,none
1007,18,female,bsc,1st year,graduate,yes,no,offline,cloudy,5.4,7.2,12,1,none
1008,21,male,bba,3rd year,graduate,yes,no,offline,sunny,5.6,7.5,47,1,none
1009,20,female,bcom,2nd year,school,no,yes,offline,sunny,3.5,7.6,10,1,none
1010,18,male,ba,2nd year,graduate,yes,yes,offline,sunny,4.9,6,33,1,none
1011,20,male,bcom,3rd year,graduate,yes,yes,offline,sunny,8.7,7.3,38,1,none
1012,18,female,bsc,1st year,school,no,no,offline,sunny,7.5,7.6,5,1,none
1013,19,male,bsc,3rd year,graduate,no,no,offline,cloudy,4,7.1,33,0,illness
1014,22,female,bba,3rd year,postgraduate,yes,no,offline,sunny,9,7,5,1,none
1015,21,male,bba,2nd year,graduate,yes,yes,offline,cloudy,1,5.7,13,0,weather
1016,18,female,bcom,1st year,graduate,yes,yes,offline,cloudy,3.1,6,28,0,illness
1017,18,male,bcom,2nd year,postgraduate,yes,yes,offline,cloudy,6.8,5.8,31,1,none
1018,19,female,bcom,2nd year,postgraduate,yes,no,offline,sunny,0.6,6,24,0,personal
1019,21,female,bsc,3rd year,postgraduate,yes,no,offline,sunny,5,7.2,40,1,none
1020,22,female,bba,3rd year,school,yes,yes,offline,cloudy,0.5,5.6,33,0,transport
1021,20,male,bba,2nd year,school,yes,no,offline,cloudy,4.9,5.9,38,1,none
1022,19,female,bba,2nd year,postgraduate,no,no,offline,sunny,3.5,7.4,15,1,none
1023,22,female,ba,1st year,school,yes,no,online,sunny,3,8,33,1,none
1024,17,female,bcom,1st year,graduate,yes,no,offline,cloudy,3.2,7.1,47,1,none
1025,19,female,bba,3rd year,graduate,no,no,offline,cloudy,6.2,8.1,39,1,none
1026,23,female,bca,2nd year,graduate,yes,no,offline,sunny,3.8,7.2,11,1,none
1027,18,female,bca,1st year,graduate,yes,no,offline,sunny,5,7.9,35,1,none
1028,18,female,bba,1st year,school,yes,yes,offline,cloudy,4.8,8,45,1,none
1029,20,male,ba,2nd year,school,yes,no,offline,sunny,1.7,6.6,75,0,transport
1030,19,female,ba,3rd year,postgraduate,no,yes,offline,rainy,4.5,7.8,38,1,none
1031,17,male,bcom,3rd year,graduate,yes,no,offline,cloudy,2.2,6.4,25,1,none
1032,24,male,ba,1st year,graduate,yes,no,offline,sunny,4.7,5.2,56,0,family
1033,19,female,bcom,2nd year,postgraduate,yes,yes,offline,rainy,1.2,5,34,0,personal
1034,22,male,bba,2nd year,school,no,yes,offline,sunny,4,6.6,38,0,family
1035,19,male,bsc,1st year,school,yes,no,offline,cloudy,2.7,6.8,31,1,none
1036,19,male,bba,2nd year,postgraduate,yes,yes,offline,rainy,2.3,8.1,31,1,none
1037,18,female,ba,1st year,graduate,yes,no,offline,rainy,4.6,8.6,36,1,none
1038,22,male,bca,2nd year,graduate,yes,no,online,rainy,5.6,6.7,57,1,none
1039,19,female,bcom,2nd year,graduate,yes,no,online,cloudy,4.9,6.5,32,1,none
1040,19,male,bcom,3rd year,postgraduate,yes,no,offline,cloudy,3.7,7.1,15,1,none
1041,20,female,ba,1st year,school,no,no,online,sunny,2.5,6.7,56,0,other
1042,20,female,bba,2nd year,postgraduate,yes,yes,offline,sunny,5.6,7.5,9,1,none
1043,19,female,bba,1st year,graduate,yes,no,online,cloudy,4.8,6.9,45,1,none
1044,22,male,ba,2nd year,school,yes,yes,online,cloudy,5.7,7.5,19,1,none
1045,21,male,ba,2nd year,postgraduate,yes,no,offline,cloudy,2.5,7.1,45,1,none
1046,20,female,bca,3rd year,graduate,yes,no,offline,sunny,4.3,7.7,5,1,none
1047,18,male,bca,3rd year,graduate,yes,no,offline,sunny,3.2,9.7,5,1,none
1048,20,female,bcom,3rd year,school,yes,no,offline,cloudy,5.2,7.1,6,1,none
1049,19,female,bsc,3rd year,school,yes,yes,offline,cloudy,5.5,8.8,29,1,none
1050,22,female,bba,3rd year,school,no,no,offline,sunny,8.5,7,5,1,none
1051,22,female,bsc,2nd year,graduate,yes,yes,offline,rainy,4.1,6,52,0,weather
1052,23,female,bsc,3rd year,postgraduate,yes,yes,offline,rainy,5.3,7.2,11,1,none
1053,19,female,bsc,2nd year,postgraduate,no,no,offline,cloudy,4.7,8.6,16,1,none
1054,20,male,ba,2nd year,graduate,yes,yes,offline,sunny,5,7.5,39,1,none
1055,21,male,ba,2nd year,graduate,no,yes,offline,cloudy,5.9,6.6,15,1,none
1056,19,male,bcom,2nd year,postgraduate,yes,no,online,sunny,1.3,6.6,65,0,transport
1057,21,male,bsc,3rd year,graduate,yes,no,online,rainy,4.1,7.6,9,1,none
1058,17,male,ba,3rd year,school,yes,yes,offline,sunny,5.5,6.8,5,1,none
1059,19,male,bsc,3rd year,graduate,yes,yes,online,rainy,6.3,7.2,60,1,none
1060,20,male,bcom,2nd year,school,yes,no,offline,cloudy,4.8,5.2,24,1,none
1061,20,female,bcom,3rd year,graduate,yes,yes,online,cloudy,5,9,5,1,none
1062,23,male,ba,3rd year,school,yes,yes,offline,sunny,2.3,5.4,20,0,illness
1063,22,male,bca,1st year,graduate,yes,no,online,sunny,5.9,8.1,32,1,none
1064,17,male,bcom,2nd year,graduate,yes,yes,offline,sunny,4.2,6.7,15,1,none
1065,20,male,bca,1st year,graduate,yes,yes,offline,rainy,4.5,5.4,32,0,weather
1066,22,male,bba,1st year,graduate,no,no,online,cloudy,6.2,6.4,31,1,none
1067,19,male,ba,2nd year,school,yes,no,online,rainy,4.3,5.8,33,0,personal
1068,18,female,ba,3rd year,school,no,yes,offline,sunny,2.4,5.9,21,0,personal
1069,23,male,bsc,2nd year,school,yes,no,offline,sunny,5.6,6.5,38,1,none
1070,18,male,bca,3rd year,postgraduate,yes,no,offline,cloudy,5.1,6.9,31,1,none
1071,20,male,bca,3rd year,school,yes,no,offline,cloudy,5.4,7.2,29,1,none
1072,19,male,bcom,3rd year,school,yes,no,online,cloudy,4.8,7.6,33,1,none
1073,20,female,ba,2nd year,school,yes,no,offline,cloudy,3.3,6.9,74,0,transport
1074,21,male,ba,1st year,postgraduate,no,no,offline,cloudy,3.7,6.6,28,1,none
1075,23,male,bsc,3rd year,graduate,yes,no,offline,cloudy,4.1,6.5,24,1,none
1076,19,female,bca,2nd year,graduate,yes,yes,offline,cloudy,4.6,7.2,12,1,none
1077,20,female,bcom,1st year,school,yes,yes,online,cloudy,5.6,7.7,28,1,none
1078,18,female,bca,1st year,graduate,no,yes,offline,cloudy,1.8,6.9,46,0,other
1079,20,male,bca,1st year,postgraduate,yes,no,offline,cloudy,4.4,6,39,1,none
1080,22,female,bsc,1st year,postgraduate,yes,no,offline,sunny,4.6,6.7,37,1,none
1081,20,male,bca,2nd year,school,yes,no,offline,cloudy,5,6,27,1,none
1082,17,male,ba,3rd year,school,yes,no,offline,rainy,3.6,5.7,59,0,personal
1083,22,female,bba,1st year,school,yes,yes,offline,cloudy,4.9,6.7,10,1,none
1084,20,female,bca,1st year,graduate,yes,no,offline,sunny,4.4,7.3,9,1,none
1085,20,female,bsc,3rd year,postgraduate,yes,no,offline,cloudy,5,5.6,31,1,none
1086,19,female,bcom,1st year,graduate,no,yes,offline,sunny,4.7,5.2,12,1,none
1087,20,male,ba,1st year,graduate,yes,no,offline,cloudy,6.1,6.7,5,1,none
1088,23,female,ba,2nd year,graduate,yes,yes,online,cloudy,0.9,7.6,39,1,none
1089,20,female,bcom,1st year,school,yes,no,offline,sunny,4.2,6.7,27,1,none
1090,19,male,bsc,2nd year,school,yes,no,offline,sunny,6,7.2,35,1,none
1091,19,male,ba,1st year,graduate,no,no,offline,rainy,4.5,5.9,26,0,weather
1092,20,female,bsc,1st year,graduate,yes,yes,offline,cloudy,7,7.5,72,1,none
1093,20,male,bba,3rd year,graduate,yes,no,online,sunny,3.3,5.5,45,1,none
1094,21,male,bba,3rd year,graduate,yes,no,offline,cloudy,2.9,8,23,1,none
1095,20,female,bca,1st year,graduate,yes,no,online,sunny,3.4,7.3,11,1,none
1096,22,female,bsc,3rd year,postgraduate,no,no,offline,sunny,4,7.1,44,1,none
1097,22,male,bcom,3rd year,postgraduate,yes,yes,offline,rainy,6.5,8.4,20,1,none
1098,20,female,bba,3rd year,postgraduate,yes,yes,online,cloudy,5.4,6,59,0,illness
1099,18,female,bsc,3rd year,school,yes,yes,offline,cloudy,3.5,8,38,1,none
1100,20,male,bba,2nd year,graduate,yes,no,offline,sunny,4.6,6.4,35,1,none
1101,20,male,bcom,1st year,graduate,yes,no,offline,sunny,1.8,7.5,39,0,illness
1102,19,female,ba,2nd year,graduate,yes,no,offline,sunny,3.4,7.7,42,1,none
1103,18,female,bba,3rd year,school,no,yes,online,rainy,3.5,6.8,45,0,personal
1104,20,male,bca,3rd year,school,yes,no,offline,cloudy,5.2,5.4,25,1,none
1105,24,male,bsc,1st year,graduate,yes,yes,offline,sunny,3.2,5.1,45,0,illness
1106,21,female,bsc,3rd year,graduate,yes,yes,online,sunny,4,7.3,30,1,none
1107,19,female,bca,3rd year,school,yes,yes,offline,sunny,7.4,6.2,16,1,none
1108,20,male,bcom,2nd year,postgraduate,yes,yes,offline,rainy,1.9,8.3,21,1,none
1109,21,male,bcom,1st year,school,yes,yes,offline,sunny,5.3,5.4,29,1,none
1110,19,female,bba,1st year,postgraduate,no,yes,offline,cloudy,4,6.8,30,1,none
1111,22,female,bba,2nd year,graduate,no,yes,online,sunny,5.2,8.3,58,1,none
1112,20,female,bcom,3rd year,graduate,no,yes,offline,rainy,5.1,6,39,0,other
1113,20,male,bcom,3rd year,school,yes,no,offline,cloudy,5.9,6.3,36,1,none
1114,19,male,bba,2nd year,postgraduate,no,no,online,sunny,6.1,8,53,1,none
1115,19,female,bsc,3rd year,school,yes,yes,online,sunny,4.2,6.6,5,1,none
1116,24,male,bcom,1st year,graduate,no,no,offline,cloudy,3.3,6,40,0,other
1117,23,female,ba,2nd year,graduate,no,no,offline,rainy,4.9,7.1,6,1,none
1118,19,female,bsc,2nd year,postgraduate,yes,yes,offline,sunny,6.4,7.9,44,1,none
1119,17,male,bca,3rd year,postgraduate,yes,yes,offline,rainy,3.1,7.9,8,1,none
1120,19,male,bca,3rd year,school,no,yes,offline,sunny,2.6,7.1,8,1,none
1121,20,female,ba,1st year,postgraduate,yes,yes,offline,sunny,5.2,8.1,69,1,none
1122,23,male,bca,1st year,school,yes,no,offline,sunny,6.6,8.3,20,1,none
1123,19,male,bcom,2nd year,school,yes,no,offline,rainy,6.2,5.4,7,1,none
1124,18,female,bsc,2nd year,graduate,yes,no,online,sunny,1.4,7.2,28,1,none
1125,22,male,bca,3rd year,school,yes,no,offline,sunny,7.4,7,7,1,none
1126,20,female,bsc,2nd year,school,yes,yes,offline,cloudy,6.5,8.6,29,1,none
1127,22,male,bca,1st year,school,no,yes,offline,cloudy,3,8.2,5,1,none
1128,21,female,bca,3rd year,postgraduate,yes,no,offline,cloudy,5.4,6.9,27,1,none
1129,18,male,bsc,2nd year,graduate,no,no,offline,cloudy,1.7,6.5,43,0,other
1130,23,female,ba,2nd year,graduate,yes,yes,online,cloudy,2.6,6.4,26,0,transport
1131,18,female,bsc,3rd year,school,yes,no,offline,rainy,2.8,7,60,1,none
1132,22,male,bcom,2nd year,postgraduate,yes,yes,offline,sunny,6.6,6.7,49,1,none
1133,21,female,bsc,3rd year,postgraduate,yes,no,online,sunny,2.8,6.5,36,1,none
1134,21,male,bcom,1st year,school,yes,yes,offline,cloudy,1.8,8.3,5,1,none
1135,20,female,ba,2nd year,graduate,yes,no,offline,sunny,7.6,7.4,20,1,none
1136,18,female,bsc,1st year,graduate,yes,no,offline,rainy,0.5,7.5,29,0,personal
1137,18,female,ba,3rd year,postgraduate,no,yes,offline,sunny,4.4,6.9,5,1,none
1138,22,male,bsc,1st year,graduate,yes,yes,offline,sunny,2.8,7.2,45,1,none
1139,23,male,bba,3rd year,school,yes,no,offline,rainy,7.5,6.1,11,1,none
1140,24,female,bcom,2nd year,school,yes,no,offline,cloudy,2.8,7,14,1,none
1141,18,male,bca,3rd year,graduate,yes,yes,offline,rainy,2.1,6.9,51,0,other
1142,20,male,bcom,2nd year,postgraduate,yes,no,offline,sunny,5.4,6.3,36,1,none
1143,20,male,ba,2nd year,graduate,no,yes,offline,cloudy,2,7.5,5,1,none
1144,19,female,bba,3rd year,graduate,yes,yes,online,cloudy,4,7.9,64,1,none
1145,20,male,ba,2nd year,postgraduate,yes,no,offline,cloudy,0.7,5.1,26,1,none
1146,21,male,bsc,2nd year,graduate,yes,no,offline,rainy,4.5,7.9,5,1,none
1147,19,male,bsc,2nd year,school,yes,no,offline,cloudy,2.9,6.9,66,1,none
1148,19,male,bca,1st year,school,yes,no,offline,sunny,3.3,7.9,32,1,none
1149,18,female,bba,1st year,graduate,yes,no,online,sunny,6.5,5.1,13,1,none
1150,21,female,bba,2nd year,graduate,yes,no,offline,cloudy,8.7,5.3,22,1,none
1151,21,male,ba,3rd year,graduate,yes,no,online,cloudy,2.8,7.3,51,1,none
1152,20,male,bca,2nd year,graduate,yes,no,online,sunny,7.4,7.3,70,1,none
1153,21,male,bba,1st year,school,yes,no,offline,sunny,2.5,6.3,61,1,none
1154,18,male,bsc,1st year,postgraduate,yes,no,offline,sunny,1.8,6.2,12,1,none
1155,19,male,bcom,1st year,postgraduate,no,no,offline,cloudy,6.2,6.9,5,1,none
1156,20,male,ba,1st year,postgraduate,yes,no,online,sunny,6.7,7,41,1,none
1157,19,female,ba,2nd year,school,no,yes,offline,rainy,4.5,9.1,55,1,none
1158,21,female,bca,2nd year,postgraduate,yes,no,offline,rainy,4.6,8.5,20,1,none
1159,21,male,bcom,1st year,school,yes,no,offline,cloudy,5,8.9,45,1,none
1160,21,female,bba,1st year,graduate,yes,yes,offline,cloudy,3.3,5,46,0,other
1161,20,male,bca,1st year,school,yes,yes,offline,cloudy,3,6.4,5,1,none
1162,21,female,bcom,1st year,postgraduate,yes,yes,offline,cloudy,5.3,6,72,1,none
1163,18,female,bba,1st year,school,yes,no,offline,cloudy,3.7,6.3,21,0,other
1164,18,male,ba,1st year,graduate,yes,no,offline,cloudy,2.4,7.2,15,1,none
1165,18,male,bsc,3rd year,graduate,yes,no,online,cloudy,2.8,5.9,47,1,none
1166,20,female,bsc,3rd year,school,no,no,offline,sunny,3.9,5.7,45,0,illness
1167,22,male,bba,2nd year,graduate,yes,yes,offline,cloudy,4.7,6.8,72,1,none
1168,22,male,bcom,3rd year,school,yes,no,online,sunny,3.8,6.6,43,1,none
1169,21,female,bca,2nd year,postgraduate,no,yes,online,rainy,6.2,7,71,1,none
1170,21,female,bcom,2nd year,graduate,yes,no,online,sunny,2.4,7.1,37,1,none
1171,23,female,bca,2nd year,graduate,yes,no,offline,sunny,2.4,7.3,15,1,none
1172,20,female,bcom,1st year,graduate,yes,yes,offline,cloudy,8,6.3,14,1,none
1173,23,female,bba,2nd year,graduate,no,no,online,sunny,6.4,4.5,17,1,none
1174,19,female,bba,1st year,graduate,yes,yes,offline,sunny,3.8,6.7,36,1,none
1175,22,female,bba,2nd year,school,no,no,offline,rainy,9,5.5,61,1,none
1176,18,female,bba,1st year,graduate,yes,yes,offline,cloudy,4.8,7.5,16,1,none
1177,22,female,ba,2nd year,graduate,yes,yes,offline,cloudy,4.1,7.1,11,1,none
1178,19,female,bcom,2nd year,graduate,yes,no,offline,sunny,3.3,7,16,1,none
1179,22,male,bba,1st year,graduate,yes,no,online,rainy,4.5,7.8,5,1,none
1180,23,female,bca,3rd year,graduate,yes,no,offline,cloudy,5.8,8.4,34,1,none
1181,21,female,bcom,1st year,school,yes,no,online,cloudy,5.3,8.8,5,1,none
1182,19,male,ba,3rd year,graduate,yes,yes,online,sunny,6.4,6.1,12,1,none
1183,19,male,bcom,2nd year,school,yes,yes,offline,sunny,6.7,7.8,32,1,none
1184,17,female,bsc,2nd year,school,yes,no,offline,cloudy,5.7,7.3,5,1,none
1185,18,male,bba,2nd year,postgraduate,yes,yes,offline,sunny,4.4,7.1,37,1,none
1186,21,male,bsc,2nd year,school,yes,no,offline,sunny,5.8,7.9,20,1,none
1187,19,female,bsc,1st year,graduate,yes,yes,offline,rainy,3.5,8.3,5,1,none
1188,18,female,bsc,3rd year,school,yes,no,offline,cloudy,1.1,6.6,26,0,other
1189,20,female,bba,3rd year,school,no,yes,offline,rainy,4.5,5,26,0,weather
1190,20,female,bca,1st year,graduate,yes,yes,offline,sunny,2.9,7.5,42,1,none
1191,19,female,bcom,1st year,school,yes,yes,offline,sunny,3.8,8.3,46,1,none
1192,19,female,bsc,3rd year,school,yes,no,offline,sunny,2.2,5.7,38,1,none
1193,19,female,bsc,2nd year,graduate,no,no,offline,rainy,5.5,5.7,15,1,none
1194,24,female,ba,2nd year,school,yes,no,online,sunny,5.6,5.1,42,1,none
1195,20,male,bcom,2nd year,postgraduate,no,yes,offline,rainy,4.1,6.7,15,1,none
1196,19,female,ba,3rd year,postgraduate,yes,no,offline,cloudy,6.5,6.2,41,1,none
1197,22,male,bba,3rd year,graduate,yes,no,offline,cloudy,6.9,7,44,1,none
1198,21,male,bca,3rd year,graduate,yes,no,offline,sunny,5.1,7.3,15,1,none
1199,22,male,bca,2nd year,school,yes,no,offline,sunny,3.6,7,36,1,none
1200,19,female,bca,1st year,postgraduate,yes,yes,online,cloudy,3.8,6.4,31,0,personal
1201,22,female,bcom,2nd year,school,yes,yes,offline,sunny,4.4,6.4,12,1,none
1202,18,male,bba,1st year,school,yes,no,offline,sunny,4.9,7.7,5,1,none
1203,21,male,ba,3rd year,graduate,yes,no,offline,rainy,3.8,7.2,27,1,none
1204,19,male,bsc,3rd year,postgraduate,yes,no,online,cloudy,2.7,7.3,13,1,none
1205,17,female,bcom,1st year,graduate,no,yes,offline,rainy,5,7.8,47,1,none
1206,24,female,bba,1st year,postgraduate,yes,no,online,cloudy,4.8,7.7,54,1,none
1207,21,male,bsc,3rd year,postgraduate,yes,no,online,cloudy,4.6,7.2,23,1,none
1208,19,male,bcom,3rd year,school,no,yes,offline,cloudy,6.3,7.2,5,1,none
1209,21,male,ba,3rd year,graduate,yes,yes,online,sunny,4.4,6.1,49,1,none
1210,18,female,bba,1st year,school,yes,yes,offline,rainy,4.5,7.2,25,1,none
1211,20,male,bcom,3rd year,graduate,yes,no,offline,sunny,4.5,6.5,51,1,none
1212,19,male,bsc,2nd year,school,yes,no,offline,sunny,8.7,6.3,27,1,none
1213,21,male,bba,2nd year,postgraduate,yes,yes,offline,sunny,5.7,7.2,39,1,none
1214,21,female,ba,3rd year,school,yes,no,offline,cloudy,3.5,5.7,9,1,none
1215,18,male,bcom,2nd year,graduate,yes,yes,online,sunny,2.2,4.5,30,0,other
1216,19,female,bcom,2nd year,school,no,yes,offline,sunny,3,6.3,61,0,other
1217,20,female,ba,1st year,postgraduate,yes,no,offline,sunny,4.3,6.1,18,1,none
1218,17,female,bcom,3rd year,postgraduate,yes,no,online,cloudy,2.9,6.3,27,1,none
1219,21,female,bsc,2nd year,graduate,yes,no,offline,sunny,5.7,6.8,35,1,none
1220,19,female,bsc,3rd year,graduate,yes,no,online,cloudy,2.9,6.9,40,1,none
1221,19,female,bba,2nd year,graduate,yes,no,offline,sunny,3.6,8.2,44,1,none
1222,20,male,bca,2nd year,postgraduate,yes,no,offline,cloudy,3.8,7.7,51,1,none
1223,18,male,bcom,2nd year,school,yes,yes,offline,rainy,3.6,8.2,38,1,none
1224,18,female,bcom,1st year,school,yes,no,offline,sunny,5,8,23,1,none
1225,19,male,bca,3rd year,school,no,no,online,sunny,4.3,8.1,46,1,none
1226,20,female,bcom,1st year,graduate,no,no,offline,sunny,5.6,6.1,57,1,none
1227,17,female,bcom,3rd year,school,yes,no,offline,rainy,3.5,7.9,30,1,none
1228,18,male,bcom,2nd year,graduate,yes,yes,offline,sunny,5.6,6.6,11,1,none
1229,20,male,bca,2nd year,school,yes,no,offline,sunny,5.1,7.8,26,1,none
1230,19,female,bca,3rd year,school,yes,yes,online,sunny,6.5,5.8,47,1,none
1231,20,female,bcom,2nd year,graduate,yes,yes,offline,sunny,5.6,8.1,23,1,none
1232,22,male,bcom,3rd year,postgraduate,yes,no,offline,sunny,4,7.2,42,1,none
1233,21,male,ba,2nd year,graduate,yes,no,offline,rainy,7,7.1,9,1,none
1234,18,female,bcom,1st year,school,yes,no,offline,cloudy,2.9,6.6,35,1,none
1235,17,male,bba,3rd year,school,yes,no,offline,cloudy,4.8,6,28,1,none
1236,20,male,bca,1st year,school,yes,no,offline,cloudy,4.7,8,19,1,none
1237,18,female,bba,3rd year,postgraduate,yes,no,offline,cloudy,2.8,6.5,53,1,none
1238,20,male,bcom,3rd year,graduate,no,no,online,sunny,1.1,7.5,46,0,transport
1239,22,male,bcom,1st year,graduate,yes,no,online,rainy,6,6.7,25,1,none
1240,20,male,bcom,1st year,school,yes,no,offline,sunny,5.6,6.5,38,1,none
1241,18,female,bcom,2nd year,school,yes,yes,offline,cloudy,4.6,4.5,15,1,none
1242,18,female,bba,2nd year,school,no,no,online,rainy,3.4,9.1,37,1,none
1243,19,male,bca,1st year,postgraduate,yes,no,offline,cloudy,2.2,5.9,41,0,other
1244,20,female,bcom,3rd year,graduate,yes,yes,online,cloudy,3.3,5.8,16,1,none
1245,19,male,bcom,2nd year,school,yes,no,offline,sunny,2.7,7,43,1,none
1246,19,female,bsc,3rd year,school,yes,yes,offline,rainy,5.1,7.2,17,1,none
1247,22,male,bcom,2nd year,graduate,yes,yes,offline,rainy,5.6,7,24,1,none
1248,21,female,bcom,2nd year,graduate,yes,no,offline,cloudy,4.3,6,36,1,none
1249,21,female,ba,3rd year,school,yes,no,online,sunny,0.5,6.9,44,0,weather
1250,20,female,bsc,1st year,postgraduate,yes,no,offline,sunny,4.6,6.8,21,1,none
1251,19,female,ba,3rd year,school,yes,yes,offline,rainy,4.9,8.8,5,1,none
1252,18,female,bca,1st year,school,yes,yes,offline,cloudy,5,7.1,77,1,none
1253,19,female,bca,2nd year,graduate,yes,no,offline,sunny,6.2,6,18,1,none
1254,20,female,bcom,3rd year,school,yes,yes,offline,cloudy,2.7,8.8,40,1,none
1255,18,male,bsc,2nd year,graduate,yes,yes,offline,cloudy,5.8,6.6,34,1,none
1256,18,male,bba,2nd year,school,no,yes,offline,rainy,5.8,6.3,27,1,none
1257,18,male,bsc,3rd year,graduate,yes,no,offline,cloudy,6.5,8.8,18,1,none
1258,22,male,bca,2nd year,postgraduate,yes,yes,offline,sunny,5.7,7.4,21,1,none
1259,18,male,bba,1st year,graduate,yes,no,offline,cloudy,5.7,5.4,48,1,none
1260,18,male,ba,3rd year,graduate,yes,no,offline,sunny,5.9,6.6,24,1,none
1261,20,female,bba,1st year,school,yes,yes,offline,sunny,7.8,6.5,27,1,none
1262,22,female,bca,3rd year,graduate,yes,no,offline,cloudy,3.9,5.9,23,1,none
1263,20,male,bba,2nd year,school,yes,no,offline,rainy,5,6,10,1,none
1264,22,male,ba,3rd year,school,yes,no,offline,rainy,4.2,5.6,5,1,none
1265,20,female,ba,1st year,postgraduate,yes,yes,offline,cloudy,2.8,5.4,36,0,transport
1266,18,male,bca,1st year,graduate,yes,no,offline,sunny,5.4,5.7,5,1,none
1267,19,female,bcom,3rd year,school,yes,no,offline,sunny,6.6,7.5,22,1,none
1268,22,female,bca,3rd year,graduate,yes,yes,offline,sunny,5.8,7.1,9,1,none
1269,20,female,bca,1st year,school,yes,no,offline,cloudy,3.9,5.3,29,1,none
1270,18,male,bba,1st year,graduate,yes,yes,offline,sunny,5,5.9,28,1,none
1271,19,female,bcom,1st year,school,yes,yes,online,rainy,6.7,6.3,22,1,none
1272,21,female,bca,1st year,graduate,yes,no,offline,sunny,5.4,7.9,32,1,none
1273,21,female,ba,1st year,school,yes,no,offline,sunny,5.5,7.4,31,1,none
1274,21,male,ba,3rd year,graduate,yes,yes,online,cloudy,4.6,5.6,32,1,none
1275,18,female,bcom,1st year,graduate,yes,no,offline,cloudy,8.2,6.3,36,1,none
1276,19,male,ba,1st year,postgraduate,yes,no,offline,rainy,2.7,6.6,10,1,none
1277,23,male,bsc,2nd year,postgraduate,yes,yes,offline,sunny,3.5,4.8,5,1,none
1278,21,male,bsc,2nd year,graduate,yes,yes,online,rainy,7.6,8.2,40,1,none
1279,21,male,bsc,2nd year,graduate,no,yes,offline,sunny,4,8,40,1,none
1280,21,male,bsc,1st year,graduate,yes,no,online,cloudy,3.7,7.4,54,1,none
1281,24,male,ba,1st year,school,yes,no,offline,rainy,3.6,5.8,37,0,family
1282,20,male,bcom,3rd year,graduate,yes,no,online,rainy,5,7,29,1,none
1283,22,male,ba,1st year,graduate,yes,yes,offline,sunny,8.2,7.5,13,1,none
1284,19,male,bcom,2nd year,school,no,no,offline,rainy,3.9,7.3,26,1,none
1285,20,female,ba,2nd year,school,no,yes,offline,rainy,2.5,6.3,9,0,transport
1286,20,female,bsc,1st year,school,yes,no,offline,rainy,6.2,6.9,29,1,none
1287,22,male,bba,3rd year,postgraduate,yes,no,online,sunny,6.2,7,5,1,none
1288,21,female,ba,3rd year,graduate,yes,yes,offline,cloudy,3.3,7.9,34,1,none
1289,19,male,ba,1st year,graduate,no,no,offline,sunny,5.4,6.4,24,1,none
1290,18,female,bca,3rd year,school,yes,yes,offline,sunny,4.8,6.4,30,1,none
1291,19,male,bsc,2nd year,graduate,yes,no,offline,rainy,3.5,6.3,5,1,none
1292,21,male,bcom,3rd year,school,yes,no,offline,rainy,2.9,7.3,12,1,none
1293,18,female,bsc,1st year,graduate,yes,no,offline,cloudy,5,8.2,13,1,none
1294,20,male,ba,2nd year,school,yes,yes,offline,cloudy,6.8,7.5,37,1,none
1295,24,male,bca,3rd year,graduate,yes,no,online,cloudy,4.7,7,55,1,none
1296,20,female,bba,3rd year,school,yes,no,offline,cloudy,6.9,7.7,21,1,none
1297,21,male,bsc,1st year,postgraduate,yes,no,offline,cloudy,5.2,7.4,18,1,none
1298,22,female,ba,1st year,graduate,yes,no,offline,sunny,3.6,5.6,47,0,illness
1299,20,female,bsc,1st year,graduate,no,no,offline,sunny,5.9,7.4,26,1,none
1300,24,male,bsc,1st year,graduate,yes,no,offline,rainy,3.7,6.4,7,1,none
1301,20,female,bca,3rd year,graduate,yes,no,offline,sunny,4.5,6.8,5,1,none
1302,19,male,bba,2nd year,postgraduate,yes,yes,offline,rainy,3,5.5,22,0,illness
1303,20,female,bcom,2nd year,graduate,yes,no,offline,cloudy,6.2,7.5,68,1,none
1304,21,male,bsc,1st year,postgraduate,no,no,offline,cloudy,5.2,5.3,35,1,none
1305,21,male,bcom,3rd year,graduate,yes,no,offline,sunny,3.3,6.6,33,1,none
1306,18,male,bcom,2nd year,postgraduate,no,yes,online,sunny,4.1,7.7,6,1,none
1307,17,female,bcom,2nd year,school,yes,no,offline,sunny,6.1,8.2,47,1,none
1308,20,female,bcom,1st year,school,yes,no,offline,sunny,5,8.6,23,1,none
1309,21,male,bcom,1st year,school,no,no,offline,sunny,6,9.3,40,1,none
1310,23,female,ba,2nd year,postgraduate,yes,yes,offline,sunny,3,6.5,34,1,none
1311,18,male,ba,2nd year,graduate,yes,yes,offline,sunny,3.9,5.8,39,1,none
1312,19,female,bsc,2nd year,school,yes,no,online,sunny,4.9,6.6,10,1,none
1313,20,male,ba,2nd year,school,yes,yes,online,sunny,2.9,7,32,0,family
1314,20,male,bba,1st year,postgraduate,no,no,offline,cloudy,3.1,6.7,47,0,personal
1315,22,female,bba,3rd year,school,yes,no,offline,sunny,2,6.6,13,1,none
1316,18,male,bcom,1st year,school,no,yes,online,cloudy,3.2,7,5,0,illness
1317,19,female,ba,1st year,graduate,yes,no,offline,sunny,7.6,7,43,1,none
1318,18,male,ba,2nd year,graduate,yes,no,offline,rainy,3.9,6.4,37,0,weather
1319,18,male,bca,1st year,school,yes,yes,offline,sunny,6.1,7.7,48,1,none
1320,19,female,bca,3rd year,graduate,yes,no,online,cloudy,5,7.2,39,1,none
1321,18,female,bcom,1st year,school,yes,no,offline,cloudy,5.4,8.2,55,1,none
1322,21,male,bba,1st year,graduate,no,no,offline,sunny,4.5,7,38,1,none
1323,19,male,bba,2nd year,school,no,yes,offline,sunny,2.3,9.2,19,1,none
1324,21,female,ba,3rd year,school,yes,no,online,cloudy,2.7,7.6,20,1,none
1325,18,male,bsc,3rd year,graduate,yes,no,offline,sunny,5.8,6.8,43,1,none
1326,21,male,bsc,1st year,graduate,yes,no,offline,cloudy,2.9,8.4,17,1,none
1327,24,female,bcom,2nd year,graduate,yes,no,offline,cloudy,3.5,8.9,46,1,none
1328,20,female,bcom,2nd year,school,yes,yes,offline,cloudy,3.8,7.2,32,1,none
1329,18,female,bsc,1st year,graduate,yes,no,offline,sunny,2.3,5,33,1,none
1330,24,male,bba,2nd year,graduate,yes,yes,offline,rainy,7.5,6.5,22,1,none
1331,21,female,bba,3rd year,postgraduate,yes,yes,offline,sunny,1.7,8.3,23,1,none
1332,19,female,bcom,1st year,school,yes,no,offline,rainy,5.8,7.5,65,1,none
1333,20,female,ba,2nd year,postgraduate,yes,no,offline,cloudy,3.8,5.9,49,1,none
1334,22,female,bcom,1st year,graduate,no,yes,offline,rainy,4.9,7.4,63,0,family
1335,20,female,ba,1st year,postgraduate,no,yes,online,sunny,6.3,6.9,5,1,none
1336,20,female,bsc,3rd year,graduate,yes,no,offline,cloudy,0.8,6.8,13,1,none
1337,21,female,bsc,2nd year,school,yes,no,offline,cloudy,2.4,6.7,50,0,transport
1338,22,female,bsc,2nd year,graduate,yes,no,offline,cloudy,4.2,5.8,10,1,none
1339,22,female,bcom,1st year,postgraduate,yes,no,online,cloudy,4.3,5.9,30,0,illness
1340,19,male,bba,1st year,school,yes,yes,online,rainy,3.7,6.8,22,1,none
1341,19,male,bca,1st year,school,yes,yes,offline,sunny,2.9,5.3,35,0,other
1342,21,female,bba,1st year,school,yes,no,offline,sunny,2.8,6.8,59,1,none
1343,21,female,ba,3rd year,school,yes,no,offline,cloudy,5.3,6.5,59,1,none
1344,22,male,bcom,2nd year,school,no,no,offline,cloudy,2.5,6.7,47,0,family
1345,18,male,ba,1st year,graduate,yes,no,online,sunny,5.8,7.2,45,1,none
1346,19,male,ba,3rd year,postgraduate,yes,yes,offline,sunny,6.1,8.9,36,1,none
1347,23,female,bba,1st year,graduate,yes,no,offline,sunny,2.9,8.8,32,1,none
1348,18,male,bcom,1st year,graduate,yes,no,offline,sunny,2.5,8.1,27,1,none
1349,22,male,bca,1st year,graduate,yes,yes,online,cloudy,5.8,6,43,1,none
1350,21,male,ba,2nd year,graduate,yes,yes,offline,rainy,6.3,6.1,33,1,none
1351,19,male,bba,3rd year,graduate,yes,no,offline,rainy,5.3,6.8,52,1,none
1352,21,female,bba,1st year,school,yes,yes,offline,sunny,3.5,6.3,14,1,none
1353,23,male,ba,3rd year,graduate,yes,no,offline,sunny,3.3,7,43,1,none
1354,21,male,bba,2nd year,postgraduate,no,yes,online,cloudy,5.9,7.9,37,1,none
1355,19,female,bba,1st year,graduate,yes,yes,offline,cloudy,4.7,5.7,33,1,none
1356,22,male,bca,2nd year,graduate,yes,no,offline,sunny,5.2,7.2,46,1,none
1357,18,female,ba,2nd year,graduate,yes,no,offline,cloudy,2.4,7,28,1,none
1358,18,male,bba,1st year,school,yes,no,online,sunny,8.3,7.8,23,1,none
1359,20,female,bcom,2nd year,postgraduate,no,no,offline,sunny,3.5,7.7,50,1,none
1360,19,male,ba,2nd year,postgraduate,yes,no,offline,rainy,4.3,8.3,10,1,none
1361,18,male,bcom,3rd year,school,yes,no,offline,rainy,2.8,6.8,16,1,none
1362,20,male,bcom,1st year,postgraduate,yes,no,offline,cloudy,5.6,6.1,15,1,none
1363,20,male,ba,1st year,school,yes,no,online,sunny,4.2,5.9,38,0,transport
1364,19,female,bcom,3rd year,graduate,yes,no,offline,sunny,4.3,6.8,58,1,none
1365,21,male,bba,1st year,postgraduate,yes,no,online,cloudy,6.4,6.2,42,1,none
1366,19,female,bcom,3rd year,graduate,yes,yes,offline,cloudy,5.6,7,21,1,none
1367,23,male,bca,2nd year,graduate,yes,no,offline,sunny,2.3,7.5,36,1,none
1368,20,male,bsc,1st year,school,yes,yes,offline,rainy,5,7.5,8,1,none
1369,21,male,bsc,3rd year,postgraduate,yes,no,offline,cloudy,4.9,8,61,1,none
1370,22,male,ba,2nd year,graduate,yes,no,online,rainy,5.8,6.2,33,1,none
1371,18,male,ba,3rd year,school,yes,yes,offline,cloudy,1.7,7.7,33,1,none
1372,18,female,bca,3rd year,school,yes,yes,offline,cloudy,2.5,6.5,17,1,none
1373,19,male,bba,2nd year,graduate,yes,no,online,cloudy,0.7,8.8,28,1,none
1374,22,male,bca,1st year,graduate,yes,no,offline,sunny,6.5,6.5,5,1,none
1375,18,male,bca,1st year,postgraduate,yes,no,online,sunny,5.1,6.6,15,1,none
1376,17,male,bsc,2nd year,school,yes,no,offline,sunny,3,5.7,49,0,personal
1377,24,male,ba,2nd year,school,yes,yes,offline,cloudy,2.2,7.4,63,0,family
1378,18,male,bca,3rd year,graduate,yes,no,offline,rainy,4.3,8.4,23,1,none
1379,18,female,bsc,2nd year,graduate,yes,no,offline,cloudy,6.8,6.4,20,1,none
1380,19,male,bsc,3rd year,graduate,yes,no,offline,sunny,4.1,6.6,16,1,none
1381,18,male,bca,3rd year,postgraduate,yes,no,online,rainy,5,5.4,5,1,none
1382,23,male,ba,2nd year,graduate,yes,no,offline,sunny,6.1,4.5,25,1,none
1383,21,female,bsc,1st year,graduate,yes,no,online,cloudy,0.5,5,19,0,family
1384,22,female,bcom,3rd year,postgraduate,no,no,offline,sunny,1.9,8.7,46,1,none
1385,23,female,bsc,1st year,graduate,yes,no,online,cloudy,6.9,10,14,1,none
1386,18,female,bca,2nd year,school,no,no,offline,sunny,5.5,5.2,18,0,personal
1387,20,female,bca,3rd year,postgraduate,yes,no,offline,sunny,5.1,8.2,25,1,none
1388,19,female,bba,2nd year,graduate,yes,yes,offline,sunny,5.2,6.8,41,1,none
1389,19,male,bba,2nd year,postgraduate,yes,yes,offline,rainy,2.7,6.1,20,0,family
1390,20,female,ba,2nd year,postgraduate,yes,yes,offline,cloudy,5.7,7.1,12,1,none
1391,18,female,bsc,2nd year,graduate,yes,no,offline,cloudy,2.6,6.2,18,1,none
1392,19,male,bsc,2nd year,graduate,no,no,offline,sunny,7.2,7.1,28,1,none
1393,20,female,bca,2nd year,school,no,yes,offline,sunny,4.6,6.9,44,0,personal
1394,20,female,bca,3rd year,school,no,no,offline,cloudy,4.6,7.5,22,1,none
1395,23,female,bba,2nd year,graduate,no,yes,offline,sunny,1.1,6.1,24,0,other
1396,20,female,ba,2nd year,postgraduate,no,no,offline,rainy,2.5,6.6,61,0,illness
1397,19,female,bsc,1st year,postgraduate,yes,no,offline,sunny,3.8,8.3,21,1,none
1398,23,male,bsc,1st year,school,yes,no,offline,cloudy,6.9,7.1,30,1,none
1399,19,male,bsc,2nd year,postgraduate,yes,no,offline,sunny,7.5,7,18,1,none
1400,19,female,bcom,1st year,postgraduate,yes,no,online,sunny,6.4,6.9,49,1,none
1401,23,male,bca,3rd year,graduate,no,no,offline,cloudy,6.3,5.2,28,1,none
1402,22,female,bcom,2nd year,graduate,yes,no,offline,rainy,2.3,8.4,33,1,none
1403,20,male,bba,1st year,school,yes,no,offline,cloudy,5.5,7.4,25,1,none
1404,19,male,bsc,1st year,graduate,yes,yes,offline,cloudy,1.5,6.5,27,0,personal
1405,20,female,ba,3rd year,graduate,yes,no,offline,sunny,1.6,6.3,60,0,other
1406,19,female,bba,3rd year,graduate,yes,yes,offline,sunny,4,7.3,29,1,none
1407,19,male,bca,2nd year,postgraduate,yes,no,offline,cloudy,5,6.3,70,0,illness
1408,17,male,bsc,2nd year,school,yes,no,offline,cloudy,4.1,5.2,29,1,none
1409,20,male,bca,1st year,school,yes,yes,offline,sunny,5.9,8.6,42,1,none
1410,18,female,bba,1st year,graduate,yes,yes,online,cloudy,5.7,6.4,6,1,none
1411,21,female,bsc,3rd year,graduate,yes,no,offline,cloudy,6.2,5.4,43,1,none
1412,21,male,bca,2nd year,postgraduate,yes,no,offline,sunny,6.5,7,46,1,none
1413,18,female,bcom,2nd year,graduate,yes,no,offline,cloudy,3.3,7.1,54,0,other
1414,18,female,bcom,1st year,graduate,yes,yes,online,rainy,5.6,5.8,43,0,personal
1415,21,female,bca,1st year,school,yes,yes,offline,sunny,3.4,5.7,15,0,illness
1416,18,male,bca,2nd year,school,yes,no,offline,sunny,6,7.8,32,1,none
1417,20,female,bca,3rd year,postgraduate,yes,yes,online,sunny,4.7,7.2,25,1,none
1418,19,male,bcom,1st year,postgraduate,yes,no,online,cloudy,2.4,6.4,40,0,personal
1419,17,female,bba,2nd year,postgraduate,yes,yes,offline,cloudy,4.1,7,32,1,none
1420,24,female,bca,1st year,graduate,no,no,offline,rainy,3.7,8.2,28,1,none
1421,23,male,bca,2nd year,school,yes,yes,offline,sunny,6.6,7.3,42,1,none
1422,19,female,bba,2nd year,postgraduate,yes,no,offline,rainy,5.9,5.8,21,1,none
1423,17,male,bba,1st year,graduate,yes,no,online,sunny,1.9,7.4,42,1,none
1424,19,male,ba,1st year,graduate,no,yes,offline,sunny,2.8,6,26,0,personal
1425,18,male,bba,1st year,graduate,yes,no,offline,rainy,6.2,7.4,21,1,none
1426,19,male,ba,3rd year,school,yes,no,offline,cloudy,6.7,4.5,39,1,none
1427,19,female,bsc,1st year,school,yes,yes,offline,cloudy,6.6,7,53,1,none
1428,20,female,ba,1st year,postgraduate,yes,yes,offline,sunny,4.8,8.3,24,1,none
1429,19,male,bcom,1st year,graduate,yes,yes,offline,cloudy,0.5,7.6,40,0,transport
1430,19,female,ba,3rd year,postgraduate,yes,no,offline,cloudy,2.4,7.4,36,1,none
1431,17,female,bca,1st year,graduate,yes,yes,online,cloudy,6.9,7.4,14,1,none
1432,24,female,bsc,2nd year,school,no,no,online,rainy,5.7,5.9,30,1,none
1433,20,male,bsc,1st year,graduate,yes,yes,offline,sunny,4.8,6.5,18,1,none
1434,20,male,ba,2nd year,school,yes,no,offline,rainy,6.7,6.1,47,1,none
1435,20,female,bcom,2nd year,graduate,yes,yes,offline,cloudy,4.4,7.1,5,1,none
1436,21,female,bsc,3rd year,postgraduate,no,no,online,sunny,6,5.7,52,1,none
1437,22,female,bba,2nd year,postgraduate,yes,no,offline,sunny,2.8,6,35,0,weather
1438,21,male,bba,3rd year,graduate,no,no,online,sunny,4.2,4.8,14,0,transport
1439,19,male,ba,1st year,school,yes,no,offline,sunny,2.9,7.4,50,1,none
1440,19,female,ba,1st year,graduate,yes,no,offline,rainy,2,7,34,0,weather
1441,19,female,bcom,2nd year,graduate,yes,no,offline,rainy,5.3,8.7,16,1,none
1442,24,female,bcom,2nd year,graduate,yes,no,offline,cloudy,5.1,6,22,1,none
1443,19,male,ba,2nd year,graduate,yes,no,offline,sunny,5.7,6.8,39,1,none
1444,20,male,ba,1st year,postgraduate,yes,no,online,sunny,3.6,5.3,12,1,none
1445,19,female,bba,3rd year,graduate,yes,no,offline,sunny,2.7,6.7,23,1,none
1446,19,male,bba,1st year,school,yes,yes,offline,cloudy,3.2,8.1,23,1,none
1447,20,female,bca,2nd year,postgraduate,yes,no,offline,sunny,4.2,7.7,10,1,none
1448,20,female,bsc,1st year,graduate,yes,yes,offline,cloudy,5.8,8.9,55,1,none
1449,19,male,ba,1st year,graduate,yes,no,offline,sunny,2.8,5.3,46,0,weather
1450,19,male,bba,2nd year,school,no,yes,offline,cloudy,6.5,7.8,56,1,none
1451,23,female,bsc,2nd year,graduate,yes,yes,offline,cloudy,6.8,6.8,25,1,none
1452,22,female,bba,3rd year,graduate,yes,yes,offline,sunny,3.6,7.4,44,1,none
1453,20,male,ba,2nd year,graduate,yes,no,offline,rainy,4.7,7.7,24,1,none
1454,19,male,bcom,1st year,postgraduate,yes,yes,offline,sunny,2.4,8.4,23,1,none
1455,24,male,ba,3rd year,school,no,no,offline,sunny,6.7,5.8,57,1,none
1456,18,female,bca,3rd year,school,no,yes,offline,cloudy,4.8,6.5,53,1,none
1457,23,male,bsc,2nd year,school,yes,no,online,cloudy,3.1,5.6,5,1,none
1458,20,male,bca,1st year,postgraduate,yes,no,online,sunny,3.9,5.2,35,0,family
1459,18,male,bsc,1st year,postgraduate,yes,no,offline,cloudy,4.2,5.6,35,1,none
1460,18,female,bba,1st year,graduate,no,no,offline,rainy,0.6,5.5,31,0,transport
1461,18,female,bcom,1st year,postgraduate,yes,yes,offline,sunny,4,6.6,31,1,none
1462,22,female,bba,3rd year,graduate,yes,yes,online,sunny,1,5,36,0,illness
1463,19,male,bcom,2nd year,graduate,yes,no,offline,rainy,2.6,7.3,16,1,none
1464,19,female,bba,2nd year,postgraduate,yes,no,offline,cloudy,2.7,7.2,45,1,none
1465,20,female,bcom,3rd year,graduate,no,yes,online,sunny,8,6.6,34,1,none
1466,19,male,bcom,2nd year,graduate,yes,yes,offline,sunny,3.5,7,25,1,none
1467,18,female,bca,3rd year,graduate,yes,yes,offline,sunny,2.8,9.1,51,1,none
1468,18,male,bba,2nd year,school,no,yes,offline,cloudy,4.7,8.4,5,1,none
1469,23,male,bba,1st year,school,yes,no,offline,rainy,6.9,7,56,1,none
1470,20,male,ba,2nd year,graduate,yes,no,offline,cloudy,4.5,6.6,9,1,none
1471,17,male,bba,1st year,postgraduate,yes,no,offline,sunny,4.7,7.9,22,1,none
1472,20,female,bsc,2nd year,graduate,yes,yes,offline,rainy,3.3,6.7,40,0,family
1473,20,female,bsc,2nd year,graduate,yes,no,online,rainy,4.2,8.4,18,1,none
1474,21,male,bba,1st year,graduate,yes,no,offline,rainy,6,5.7,18,1,none
1475,18,male,bba,1st year,graduate,yes,no,offline,sunny,3.5,5.6,50,0,illness
1476,21,male,bba,1st year,postgraduate,yes,no,offline,sunny,7.2,5.5,32,1,none
1477,20,male,bcom,1st year,postgraduate,yes,no,offline,sunny,4.1,5.2,22,1,none
1478,18,female,bcom,1st year,graduate,yes,no,offline,cloudy,5,6.8,17,1,none
1479,18,male,bcom,1st year,school,yes,no,offline,sunny,5.2,7,46,1,none
1480,19,male,bba,3rd year,school,yes,no,offline,cloudy,4.5,8.3,34,1,none
1481,20,female,bca,2nd year,postgraduate,yes,no,offline,sunny,5.9,5.5,23,1,none
1482,19,male,bba,3rd year,graduate,yes,yes,online,cloudy,5.6,6.7,76,1,none
1483,19,female,bcom,2nd year,school,yes,no,offline,cloudy,6,7.4,65,1,none
1484,20,female,bba,3rd year,postgraduate,yes,no,offline,cloudy,4.2,5.6,22,1,none
1485,18,female,bba,3rd year,graduate,yes,yes,offline,cloudy,4.6,8.1,5,1,none
1486,19,male,bca,1st year,school,yes,yes,online,sunny,5.1,5.4,9,1,none
1487,18,male,bcom,2nd year,school,no,no,offline,cloudy,5.8,7.6,64,1,none
1488,19,male,bba,3rd year,graduate,yes,no,offline,sunny,5.6,8.2,41,1,none
1489,19,male,bsc,1st year,graduate,yes,no,offline,sunny,3,7.9,46,1,none
1490,18,male,ba,1st year,school,yes,no,offline,rainy,5,7.1,5,1,none
1491,19,female,bsc,3rd year,postgraduate,yes,no,offline,sunny,7.6,7,17,1,none
1492,20,female,bsc,3rd year,school,yes,yes,offline,cloudy,5.7,8.7,25,1,none
1493,20,female,bcom,1st year,graduate,yes,no,online,sunny,3.3,7.4,24,1,none
1494,21,male,bsc,1st year,postgraduate,yes,no,offline,sunny,3.1,7,44,1,none
1495,21,female,bsc,1st year,postgraduate,yes,no,online,rainy,2.2,6.1,18,1,none
1496,19,male,bba,3rd year,graduate,yes,no,offline,rainy,5.9,6.8,10,1,none
1497,19,female,ba,1st year,school,yes,yes,offline,sunny,5.8,7.3,57,1,none
1498,19,female,bcom,2nd year,school,yes,no,offline,cloudy,3,7.7,60,0,personal
1499,18,female,bsc,3rd year,graduate,yes,yes,offline,cloudy,4.1,6.1,13,1,none
1500,21,male,bba,1st year,graduate,yes,no,offline,rainy,1.6,4.6,19,0,illness
1501,18,male,bca,1st year,postgraduate,yes,yes,offline,sunny,5.9,5,23,1,none
1502,20,male,bba,2nd year,postgraduate,no,no,offline,sunny,5.8,7.8,27,1,none
1503,20,male,bca,1st year,graduate,yes,yes,offline,cloudy,4.3,8.7,12,1,none
1504,23,male,bca,1st year,graduate,yes,yes,offline,cloudy,4.8,8.1,19,1,none
1505,19,female,bba,2nd year,graduate,yes,yes,offline,cloudy,3.2,6.5,22,1,none
1506,22,male,bca,2nd year,graduate,yes,no,offline,cloudy,4.4,6.2,23,1,none
1507,21,female,bba,3rd year,graduate,yes,no,offline,sunny,4.2,7.4,10,1,none
1508,19,male,bca,3rd year,postgraduate,no,yes,offline,rainy,9,8.1,5,1,none
1509,18,male,ba,2nd year,school,yes,yes,offline,sunny,6.7,6.5,5,1,none
1510,21,male,bcom,2nd year,school,yes,no,offline,sunny,5.1,8.9,30,1,none
1511,18,male,ba,1st year,school,yes,no,online,rainy,3.5,8.9,43,1,none
1512,19,female,bca,3rd year,school,no,no,offline,sunny,5.4,6.7,24,1,none
1513,23,female,bca,3rd year,graduate,no,yes,offline,sunny,6.2,7.8,18,1,none
1514,19,female,bca,1st year,postgraduate,yes,no,offline,cloudy,3.3,7.7,44,1,none
1515,22,male,bba,1st year,postgraduate,no,no,offline,cloudy,4.3,7.9,21,1,none
1516,21,female,ba,1st year,school,yes,no,offline,sunny,4.6,6.2,49,0,personal
1517,22,male,bcom,3rd year,school,yes,no,online,sunny,2.6,6.1,31,0,family
1518,23,female,bba,2nd year,graduate,yes,yes,offline,rainy,5.4,7,14,1,none
1519,21,female,bca,1st year,school,yes,no,offline,rainy,3.1,5.9,58,1,none
1520,18,male,ba,2nd year,graduate,yes,yes,offline,cloudy,3.3,8.7,5,1,none
1521,18,female,bba,1st year,postgraduate,yes,no,offline,sunny,4.4,6.7,10,1,none
1522,20,male,bcom,2nd year,graduate,yes,no,offline,cloudy,2.5,6.8,36,1,none
1523,20,female,bcom,1st year,graduate,yes,no,offline,cloudy,2.4,7.1,5,1,none
1524,22,female,bca,3rd year,school,yes,no,online,sunny,5.1,7.4,40,1,none
1525,17,female,ba,1st year,postgraduate,yes,no,offline,sunny,5.4,9.2,5,1,none
1526,23,female,ba,1st year,graduate,yes,no,offline,sunny,2.8,6.6,46,0,weather
1527,21,male,bba,1st year,school,yes,no,offline,rainy,8,7.7,8,1,none
1528,21,male,bcom,3rd year,graduate,no,no,offline,cloudy,6.9,9.3,34,1,none
1529,19,female,bcom,2nd year,postgraduate,yes,no,online,cloudy,5.8,8.3,32,1,none
1530,20,male,bsc,3rd year,school,yes,no,offline,sunny,4.8,7.3,6,1,none
1531,19,female,bca,3rd year,graduate,yes,no,offline,rainy,4,7.3,28,1,none
1532,23,female,bca,3rd year,graduate,yes,no,offline,sunny,1.8,6,39,0,transport
1533,21,male,ba,3rd year,postgraduate,yes,no,offline,sunny,4.4,8,20,1,none
1534,18,female,bcom,1st year,school,no,yes,offline,cloudy,3.5,7.2,48,0,transport
1535,19,female,bcom,1st year,school,yes,yes,offline,sunny,3.6,6.4,7,1,none
1536,19,female,bca,2nd year,graduate,yes,no,offline,rainy,5.3,6.4,55,1,none
1537,22,female,bcom,2nd year,postgraduate,yes,yes,offline,sunny,4.5,7.8,53,1,none
1538,17,female,ba,2nd year,school,yes,no,offline,sunny,2.3,6.4,38,1,none
1539,22,male,ba,1st year,graduate,no,no,offline,rainy,3.6,7.5,36,1,none
1540,19,male,bba,1st year,postgraduate,no,yes,offline,sunny,4.6,5.8,25,1,none
1541,22,female,bsc,3rd year,postgraduate,yes,no,offline,sunny,4.5,6.2,28,1,none
1542,21,female,bsc,1st year,postgraduate,yes,yes,offline,sunny,3.8,8.6,10,1,none
1543,21,male,bcom,1st year,postgraduate,yes,no,offline,cloudy,1.3,4.5,62,0,family
1544,18,female,bba,2nd year,graduate,yes,yes,offline,sunny,5.2,6,29,1,none
1545,23,male,bcom,1st year,postgraduate,no,no,online,cloudy,4,6.7,14,1,none
1546,17,female,bca,3rd year,school,yes,yes,offline,cloudy,2.8,7.3,29,1,none
1547,19,female,bba,2nd year,school,yes,no,offline,cloudy,3.3,7.8,41,0,family
1548,18,male,bsc,1st year,postgraduate,yes,yes,offline,sunny,3.8,7,20,1,none
1549,21,male,bcom,1st year,graduate,no,no,offline,cloudy,4.5,7.7,23,1,none
1550,22,male,bba,3rd year,graduate,no,no,online,sunny,6.9,7.8,24,1,none
1551,24,male,bba,1st year,graduate,yes,no,offline,cloudy,4.6,6,40,0,personal
1552,20,male,bba,1st year,school,yes,no,offline,cloudy,2.6,8.3,39,1,none
1553,22,male,bcom,2nd year,graduate,yes,no,offline,cloudy,2.9,6.4,5,1,none
1554,22,male,bba,2nd year,graduate,no,yes,offline,sunny,3.7,6.3,40,0,transport
1555,19,female,bcom,3rd year,graduate,yes,yes,offline,cloudy,4.8,7.3,34,1,none
1556,20,male,bsc,2nd year,school,yes,no,offline,sunny,2.6,6.7,24,1,none
1557,19,female,ba,3rd year,postgraduate,yes,no,offline,cloudy,4.5,5,27,1,none
1558,19,male,bcom,2nd year,postgraduate,yes,no,offline,sunny,6.8,7,17,1,none
1559,19,male,bca,3rd year,postgraduate,yes,no,offline,sunny,4.2,5.9,31,1,none
1560,20,male,ba,2nd year,postgraduate,yes,no,offline,rainy,3.9,7.8,55,1,none
1561,22,male,bsc,1st year,postgraduate,yes,yes,offline,cloudy,6.4,6.7,54,1,none
1562,19,female,bcom,3rd year,school,yes,no,offline,rainy,6.6,7.2,59,1,none
1563,20,male,bca,1st year,graduate,yes,no,online,sunny,1.8,7.7,33,0,personal
1564,19,male,ba,1st year,graduate,yes,no,online,cloudy,2.9,8.3,38,1,none
1565,20,female,bba,1st year,school,yes,no,offline,rainy,5.4,6.5,9,1,none
1566,19,female,bsc,2nd year,school,yes,no,offline,cloudy,5.3,6.4,37,1,none
1567,20,male,ba,3rd year,postgraduate,yes,no,offline,sunny,5.1,7,69,1,none
1568,18,female,ba,1st year,graduate,yes,no,offline,cloudy,6.6,6.3,6,1,none
1569,20,female,bca,1st year,school,no,yes,offline,cloudy,6.1,7,14,1,none
1570,19,female,bsc,3rd year,graduate,yes,yes,offline,rainy,5.2,7.6,5,1,none
1571,23,female,bba,2nd year,graduate,yes,yes,offline,sunny,5,6.3,16,1,none
1572,20,male,bca,2nd year,postgraduate,yes,no,offline,cloudy,3.6,6.2,21,1,none
1573,18,male,bca,1st year,graduate,yes,no,online,cloudy,3.7,7.8,26,1,none
1574,19,male,bcom,3rd year,graduate,yes,no,offline,rainy,3.8,8.3,25,1,none
1575,20,female,bcom,2nd year,graduate,yes,no,offline,sunny,6.3,8.5,43,1,none
1576,20,male,bba,2nd year,graduate,no,no,offline,sunny,2.6,6.1,5,1,none
1577,18,female,bcom,3rd year,graduate,yes,yes,offline,sunny,5,6.6,46,1,none
1578,20,male,bca,2nd year,graduate,yes,no,offline,cloudy,3.3,7.2,44,1,none
1579,19,male,bba,3rd year,postgraduate,yes,no,offline,cloudy,3.1,7.2,32,1,none
1580,18,male,bsc,1st year,postgraduate,yes,no,online,cloudy,6.1,7.5,14,1,none
1581,21,female,bca,2nd year,graduate,yes,no,online,cloudy,3,5.2,65,0,family
1582,18,male,ba,1st year,school,yes,yes,offline,sunny,5.1,6,22,0,weather
1583,19,female,bsc,3rd year,graduate,yes,no,offline,cloudy,3.1,6.4,22,1,none
1584,18,male,bsc,1st year,school,yes,yes,offline,rainy,2.9,5.7,27,0,transport
1585,21,female,ba,3rd year,postgraduate,yes,yes,offline,cloudy,3.2,6.9,11,1,none
1586,22,male,bba,2nd year,postgraduate,yes,yes,offline,cloudy,4.4,6.4,29,1,none
1587,22,male,bsc,1st year,graduate,yes,no,offline,sunny,4.7,5.3,5,1,none
1588,19,female,bcom,3rd year,graduate,yes,yes,offline,sunny,2.9,7.7,21,1,none
1589,18,female,bba,1st year,graduate,no,yes,offline,sunny,5.5,7.9,69,1,none
1590,18,male,bcom,2nd year,graduate,yes,no,offline,sunny,6,5.3,66,1,none
1591,22,female,ba,2nd year,graduate,yes,yes,offline,sunny,8.5,7.2,54,1,none
1592,18,female,bsc,3rd year,graduate,yes,no,offline,cloudy,6.1,5.2,38,1,none
1593,20,female,bsc,1st year,graduate,yes,no,offline,sunny,5.4,6.7,36,1,none
1594,20,male,ba,1st year,school,no,yes,offline,rainy,3.8,7.9,26,0,other
1595,21,male,bba,2nd year,graduate,no,no,online,sunny,6.9,6.5,27,1,none
1596,17,female,bba,2nd year,graduate,yes,yes,offline,sunny,5.1,7.2,13,1,none
1597,22,male,bca,2nd year,graduate,yes,no,offline,sunny,4.3,6.1,51,1,none
1598,19,male,bba,1st year,graduate,yes,yes,offline,sunny,5,8.2,32,1,none
1599,21,female,bba,3rd year,graduate,yes,no,offline,sunny,3.6,7.8,9,1,none
1600,22,male,ba,1st year,school,yes,yes,online,rainy,2.5,9.4,59,0,weather
1601,18,female,bsc,2nd year,school,no,yes,online,cloudy,5.8,8.5,44,0,weather
1602,20,female,bca,3rd year,school,yes,yes,offline,cloudy,1.3,8.2,30,0,other
1603,18,male,bca,2nd year,postgraduate,yes,no,online,rainy,6.4,5.4,7,1,none
1604,19,female,bca,2nd year,school,yes,yes,offline,cloudy,5,6.3,32,1,none
1605,18,male,bsc,1st year,graduate,yes,no,offline,rainy,5,8.3,30,1,none
1606,20,male,bcom,3rd year,postgraduate,yes,yes,offline,rainy,7.8,7.8,37,1,none
1607,22,female,bsc,2nd year,school,yes,yes,offline,sunny,4.6,6,44,1,none
1608,19,female,bsc,1st year,school,no,no,offline,rainy,3.3,8.5,45,0,family
1609,23,female,bca,2nd year,graduate,yes,no,offline,cloudy,3,7.7,22,1,none
1610,20,female,bca,3rd year,postgraduate,yes,no,offline,cloudy,3.3,7.1,63,0,illness
1611,18,female,bba,1st year,graduate,yes,yes,online,sunny,4.2,7.3,31,1,none
1612,20,male,ba,3rd year,graduate,no,yes,offline,rainy,5.1,8,46,1,none
1613,20,male,bcom,3rd year,graduate,yes,yes,online,rainy,7,6.6,15,1,none
1614,20,male,bba,1st year,school,no,no,offline,cloudy,4,7.9,54,0,family
1615,23,male,bba,2nd year,school,no,no,offline,cloudy,4.1,6.6,45,0,transport
1616,19,female,bcom,2nd year,graduate,yes,no,offline,rainy,4.5,6.3,15,1,none
1617,19,female,bcom,1st year,graduate,yes,no,online,sunny,1,7.8,41,0,weather
1618,19,male,bsc,1st year,school,yes,no,offline,sunny,4.3,6.7,13,1,none
1619,20,female,bcom,2nd year,graduate,yes,yes,offline,sunny,6.1,6.3,21,1,none
1620,19,female,bsc,3rd year,graduate,yes,no,online,sunny,5.9,8.3,66,1,none
1621,21,male,ba,2nd year,graduate,yes,yes,offline,cloudy,3.8,7.5,51,1,none
1622,20,male,bba,3rd year,graduate,yes,no,offline,cloudy,4,7.2,40,1,none
1623,22,male,bcom,3rd year,postgraduate,yes,no,offline,sunny,1.4,7.2,48,1,none
1624,23,male,bcom,3rd year,graduate,yes,no,offline,sunny,5.4,7.6,5,1,none
1625,19,female,bcom,3rd year,graduate,yes,yes,online,sunny,4.7,7.9,21,1,none
1626,23,female,bca,1st year,graduate,yes,yes,offline,sunny,5.1,7.4,9,1,none
1627,17,female,bcom,3rd year,school,no,yes,offline,sunny,5.9,9.4,38,1,none
1628,20,male,bca,3rd year,school,no,no,offline,sunny,6.8,5.9,41,1,none
1629,21,male,ba,3rd year,graduate,no,no,offline,sunny,5.4,6.8,5,1,none
1630,19,male,bba,2nd year,postgraduate,no,yes,offline,cloudy,5.8,7.7,16,1,none
1631,19,male,bba,1st year,graduate,yes,yes,offline,rainy,4.6,6.2,43,0,other
1632,20,female,bba,1st year,graduate,yes,no,offline,sunny,6.2,9.1,25,1,none
1633,21,male,ba,1st year,graduate,yes,no,offline,cloudy,4.3,7.5,51,1,none
1634,17,male,bcom,1st year,graduate,yes,yes,online,cloudy,5,4.6,59,0,family
1635,23,female,bcom,2nd year,graduate,no,no,offline,cloudy,2.5,6.4,38,1,none
1636,20,male,bca,2nd year,graduate,yes,no,offline,cloudy,2.4,6.1,24,0,weather
1637,19,male,bca,3rd year,graduate,yes,no,offline,sunny,5,7.2,33,1,none
1638,18,male,bsc,1st year,graduate,no,no,online,rainy,2.1,7.5,34,0,weather
1639,21,male,bba,3rd year,graduate,yes,no,offline,rainy,5.9,8.4,35,1,none
1640,21,female,bcom,3rd year,school,yes,yes,offline,rainy,0.8,7.3,5,0,personal
1641,21,female,bba,2nd year,graduate,yes,no,online,sunny,1.3,7.6,8,1,none
1642,18,male,bsc,3rd year,graduate,no,no,online,sunny,5.3,7.3,9,1,none
1643,21,female,bsc,2nd year,school,yes,no,online,sunny,7.1,7.1,28,1,none
1644,22,female,bba,2nd year,school,no,yes,offline,sunny,4.2,6.6,5,1,none
1645,20,female,bsc,3rd year,postgraduate,yes,no,offline,sunny,4.5,7.9,9,1,none
1646,18,female,ba,1st year,postgraduate,no,no,offline,rainy,6,7.4,31,1,none
1647,20,male,ba,1st year,graduate,yes,yes,offline,rainy,2,5.5,42,0,other
1648,18,male,bca,2nd year,graduate,yes,yes,offline,cloudy,4.9,7.3,43,1,none
1649,19,female,bcom,1st year,graduate,yes,yes,offline,rainy,5.5,7.3,23,1,none
1650,20,female,bsc,1st year,school,yes,yes,offline,sunny,5.6,8.6,36,1,none
1651,22,male,bba,3rd year,postgraduate,yes,yes,offline,cloudy,6.4,5.5,51,1,none
1652,19,female,bsc,1st year,graduate,yes,no,offline,rainy,5.5,7.7,5,1,none
1653,22,male,bcom,2nd year,graduate,yes,no,offline,sunny,1.6,8.2,36,1,none
1654,21,male,bba,1st year,graduate,no,no,online,sunny,0.5,6.6,5,0,weather
1655,21,female,bcom,2nd year,graduate,yes,no,online,sunny,5.2,5.9,46,1,none
1656,20,male,ba,1st year,graduate,yes,no,offline,cloudy,4.7,7.1,26,1,none
1657,22,female,bcom,3rd year,graduate,yes,no,offline,rainy,4.6,6.3,48,1,none
1658,18,female,bcom,1st year,postgraduate,yes,no,offline,sunny,3.3,8,44,1,none
1659,20,female,ba,2nd year,graduate,yes,no,online,sunny,4.1,7.7,21,1,none
1660,21,male,bsc,1st year,school,yes,no,offline,sunny,3.4,6.4,44,0,transport
1661,23,male,bca,1st year,graduate,yes,no,offline,cloudy,4.8,7.3,12,1,none
1662,22,female,bba,2nd year,postgraduate,no,no,online,rainy,6.9,6.3,51,1,none
1663,19,male,bsc,1st year,graduate,yes,yes,offline,cloudy,3,10,65,1,none
1664,19,female,bba,3rd year,graduate,yes,no,offline,cloudy,4.3,7.9,47,1,none
1665,21,male,bsc,1st year,graduate,yes,no,offline,cloudy,4.6,8,37,1,none
1666,19,male,bcom,1st year,graduate,yes,no,online,sunny,1.1,8,34,1,none
1667,19,female,bcom,1st year,school,no,no,offline,rainy,5,8.3,35,1,none
1668,19,male,ba,2nd year,postgraduate,yes,yes,offline,sunny,5.9,7.3,52,1,none
1669,20,female,ba,1st year,graduate,yes,no,offline,sunny,4.6,6.6,35,1,none
1670,21,male,bsc,3rd year,postgraduate,yes,no,offline,rainy,6.5,7,5,1,none
1671,20,male,bba,3rd year,school,yes,no,offline,sunny,6.8,7.5,52,1,none
1672,20,female,bba,1st year,graduate,yes,no,online,sunny,5,7.6,25,1,none
1673,19,female,bca,3rd year,graduate,yes,no,offline,cloudy,2.7,5.3,47,0,other
1674,18,male,bba,1st year,postgraduate,no,yes,offline,cloudy,4.8,6.8,51,0,illness
1675,23,male,bcom,3rd year,school,no,yes,online,cloudy,5.7,6.7,57,1,none
1676,18,female,bca,1st year,postgraduate,yes,no,online,rainy,4.1,7.1,54,1,none
1677,18,male,bcom,1st year,graduate,yes,no,offline,sunny,2.7,7.4,21,1,none
1678,22,female,bca,1st year,school,yes,yes,offline,rainy,3.6,6.7,29,1,none
1679,18,male,bsc,2nd year,school,yes,no,offline,sunny,5.1,8.1,23,1,none
1680,17,female,bba,1st year,graduate,yes,yes,online,sunny,5.8,7.4,54,1,none
1681,20,female,bsc,3rd year,postgraduate,yes,yes,online,cloudy,5.7,9.8,9,1,none
1682,20,female,bsc,3rd year,graduate,yes,no,offline,sunny,6.1,8.8,27,1,none
1683,20,female,bca,3rd year,graduate,yes,yes,offline,sunny,3.8,6.2,33,1,none
1684,22,male,ba,2nd year,graduate,yes,no,online,cloudy,5.3,8,46,1,none
1685,20,female,bsc,3rd year,graduate,yes,no,offline,rainy,4,8.2,8,1,none
1686,23,female,bba,2nd year,school,no,no,offline,rainy,4.7,5.6,39,0,other
1687,21,male,bcom,1st year,school,yes,no,offline,sunny,3.9,7.1,34,1,none
1688,24,female,ba,1st year,school,yes,yes,online,cloudy,6.6,6.3,6,1,none
1689,20,male,ba,3rd year,school,yes,yes,offline,cloudy,6.6,8.2,48,1,none
1690,19,female,bba,2nd year,graduate,yes,no,offline,rainy,1.5,8.1,56,0,other
1691,20,male,bba,1st year,graduate,no,no,offline,cloudy,1.7,6.6,56,0,family
1692,20,female,bcom,2nd year,school,yes,yes,offline,rainy,3,8.2,18,1,none
1693,19,male,bsc,3rd year,school,yes,no,offline,cloudy,4.4,5.1,5,1,none
1694,20,female,bsc,3rd year,school,yes,no,online,cloudy,6.1,5.5,25,1,none
1695,20,female,bcom,1st year,postgraduate,yes,no,offline,cloudy,3.6,7,33,1,none
1696,22,female,ba,1st year,graduate,yes,yes,offline,sunny,6.3,7.5,46,1,none
1697,20,male,bca,3rd year,graduate,yes,yes,offline,cloudy,7.3,7.3,8,1,none
1698,18,male,bsc,2nd year,graduate,no,no,offline,sunny,4.8,6.7,18,1,none
1699,21,female,bcom,3rd year,school,yes,no,offline,sunny,6.4,9.8,8,1,none
1700,20,male,bcom,2nd year,graduate,yes,yes,offline,rainy,7.9,8.4,17,1,none
1701,19,male,bcom,3rd year,school,yes,no,offline,rainy,6.9,6.6,36,1,none
1702,20,female,ba,2nd year,postgraduate,yes,no,offline,cloudy,5.4,7.8,24,1,none
1703,19,male,bcom,1st year,graduate,yes,no,offline,cloudy,3.7,7.6,29,1,none
1704,23,male,bca,1st year,graduate,yes,no,offline,rainy,8.1,6.9,5,1,none
1705,19,male,ba,2nd year,graduate,yes,yes,offline,sunny,4,6.6,28,1,none
1706,21,male,bba,1st year,graduate,yes,no,offline,cloudy,5.6,8.7,40,1,none
1707,22,male,bsc,3rd year,school,yes,yes,offline,cloudy,3.9,6.3,43,1,none
1708,21,female,bsc,1st year,graduate,yes,no,offline,rainy,6.6,6.8,48,1,none
1709,18,male,bca,3rd year,school,yes,no,offline,rainy,3.5,6.3,11,1,none
1710,21,male,ba,3rd year,postgraduate,yes,no,online,sunny,5.5,8.7,22,1,none
1711,19,male,bsc,2nd year,school,yes,yes,offline,rainy,6.2,8,10,1,none
1712,21,female,bba,2nd year,graduate,no,yes,offline,sunny,6.2,7.9,31,1,none
1713,18,female,bsc,1st year,school,yes,yes,offline,sunny,2.6,7,32,0,transport
1714,19,female,bca,2nd year,graduate,yes,no,offline,sunny,3.2,6.9,6,1,none
1715,20,male,bsc,3rd year,graduate,no,no,online,rainy,4.8,10,17,1,none
1716,18,female,ba,3rd year,school,yes,yes,offline,cloudy,6.2,7.5,40,1,none
1717,18,male,bba,3rd year,graduate,yes,yes,offline,cloudy,3.8,7.6,30,1,none
1718,19,female,bcom,1st year,graduate,yes,no,offline,rainy,2.7,8,55,1,none
1719,19,male,bsc,2nd year,graduate,yes,yes,offline,cloudy,5.5,5.4,28,1,none
1720,21,female,ba,1st year,graduate,yes,no,online,sunny,5.7,6,5,1,none
1721,19,female,bba,1st year,graduate,yes,no,offline,cloudy,3.9,7.3,32,1,none
1722,17,female,bca,2nd year,postgraduate,yes,yes,offline,cloudy,3.5,8.3,46,1,none
1723,18,female,bsc,1st year,postgraduate,yes,yes,offline,sunny,3.7,7.3,58,0,transport
1724,21,male,bsc,2nd year,school,yes,no,offline,sunny,7,6.4,32,1,none
1725,21,male,ba,2nd year,postgraduate,yes,no,offline,sunny,5.3,6.3,57,1,none
1726,20,female,bcom,1st year,postgraduate,yes,no,offline,sunny,3.6,6.5,41,1,none
1727,17,female,bcom,2nd year,graduate,yes,no,online,cloudy,3.7,7,10,1,none
1728,21,male,bba,2nd year,school,yes,yes,offline,cloudy,5.4,7.3,26,1,none
1729,18,male,bca,3rd year,graduate,no,no,offline,cloudy,5,8.2,28,1,none
1730,18,female,ba,3rd year,graduate,yes,no,offline,cloudy,5.3,8.1,18,1,none
1731,21,female,bcom,2nd year,school,yes,yes,offline,rainy,4.7,7.4,54,1,none
1732,22,female,ba,3rd year,graduate,yes,no,offline,cloudy,5.7,8.5,5,1,none
1733,19,male,bcom,1st year,graduate,yes,yes,offline,sunny,0.5,7.5,27,0,weather
1734,23,male,bca,1st year,graduate,yes,no,offline,rainy,3.7,7.8,5,1,none
1735,23,female,bba,1st year,school,yes,no,offline,cloudy,5,5.1,37,1,none
1736,18,female,bca,1st year,graduate,yes,yes,offline,sunny,0.5,6.7,23,0,personal
1737,21,male,bba,2nd year,graduate,no,yes,offline,cloudy,4.7,8,38,1,none
1738,21,female,bcom,1st year,graduate,yes,yes,offline,rainy,3.9,6.7,39,0,personal
1739,21,female,ba,2nd year,graduate,no,no,offline,cloudy,4.5,6.3,56,1,none
1740,19,female,bsc,2nd year,school,yes,yes,offline,cloudy,6.3,6.5,5,1,none
1741,20,male,bba,2nd year,graduate,yes,no,offline,rainy,2.6,7.5,5,1,none
1742,18,female,bca,3rd year,postgraduate,yes,yes,offline,sunny,0.7,6.7,20,1,none
1743,22,male,bba,1st year,graduate,yes,no,offline,cloudy,4.8,7.8,5,1,none
1744,19,female,bcom,1st year,graduate,yes,no,offline,cloudy,4.6,7.5,51,1,none
1745,18,female,bcom,1st year,graduate,yes,no,offline,rainy,3.5,9.2,25,1,none
1746,18,female,bca,1st year,school,yes,yes,offline,cloudy,2.9,7.1,28,0,family
1747,24,male,ba,2nd year,graduate,no,yes,offline,rainy,7.3,5.2,56,0,illness
1748,18,male,bsc,3rd year,school,yes,yes,offline,rainy,4.3,5.8,27,1,none
1749,22,female,bsc,3rd year,graduate,yes,no,offline,sunny,4.6,6.6,49,1,none
1750,24,male,ba,2nd year,postgraduate,no,no,online,sunny,3.9,6.9,16,1,none
1751,18,female,bcom,2nd year,postgraduate,yes,yes,online,sunny,3.4,5.2,46,0,other
1752,20,female,bba,2nd year,graduate,yes,yes,offline,sunny,2.9,5.1,14,0,personal
1753,19,male,bba,1st year,school,yes,no,offline,sunny,4.5,5.2,41,1,none
1754,18,male,bcom,1st year,school,yes,yes,online,rainy,6.2,9.1,5,1,none
1755,19,female,bca,3rd year,postgraduate,no,no,offline,cloudy,6.8,7.4,13,1,none
1756,19,male,ba,1st year,school,yes,no,offline,cloudy,4.4,6.2,52,0,personal
1757,20,male,bca,3rd year,postgraduate,yes,yes,online,sunny,4.5,7.4,40,1,none
1758,20,male,bca,2nd year,school,no,yes,offline,cloudy,5.3,7.5,5,1,none
1759,23,male,ba,1st year,graduate,yes,no,offline,sunny,5.3,8,29,1,none
1760,23,female,bca,1st year,graduate,no,yes,offline,rainy,6.5,7.8,5,1,none
1761,18,female,bcom,2nd year,school,yes,yes,offline,sunny,3.8,9.5,45,1,none
1762,21,male,bcom,1st year,school,yes,no,offline,cloudy,5.1,5.8,31,1,none
1763,18,male,ba,2nd year,school,yes,no,offline,sunny,4.6,8.5,22,1,none
1764,19,female,bsc,1st year,graduate,yes,no,online,sunny,4.3,7.2,45,1,none
1765,21,female,ba,3rd year,graduate,yes,no,offline,cloudy,5.4,8.9,5,1,none
1766,23,female,ba,3rd year,graduate,yes,yes,online,sunny,6.8,8.8,28,1,none
1767,20,male,ba,3rd year,graduate,no,no,offline,cloudy,6.1,8.1,22,1,none
1768,21,female,bsc,1st year,school,yes,no,offline,rainy,6.9,6,18,1,none
1769,21,female,ba,1st year,school,yes,yes,offline,cloudy,5.2,8,5,1,none
1770,20,female,bba,3rd year,school,yes,yes,offline,rainy,2.8,7.2,5,1,none
1771,21,female,bsc,3rd year,school,yes,yes,offline,sunny,3.3,6,44,0,illness
1772,18,female,bca,1st year,postgraduate,yes,yes,offline,rainy,2.6,7.8,57,0,weather
1773,20,male,bca,3rd year,postgraduate,yes,no,offline,rainy,3.6,5.9,30,1,none
1774,23,female,bsc,2nd year,graduate,yes,no,offline,sunny,4.1,8.4,20,1,none
1775,20,female,bba,3rd year,graduate,no,no,offline,cloudy,4.8,7.5,19,1,none
1776,21,female,bcom,3rd year,postgraduate,no,yes,offline,sunny,3.4,8,43,1,none
1777,20,male,ba,3rd year,school,no,no,offline,cloudy,4.9,7.8,29,1,none
1778,18,male,ba,2nd year,graduate,yes,no,offline,sunny,1.7,7.9,25,1,none
1779,20,male,ba,1st year,graduate,no,no,online,sunny,2,8.8,43,0,family
1780,20,male,bca,3rd year,school,yes,no,offline,rainy,2.6,5.8,44,0,family
1781,20,male,ba,1st year,school,no,yes,offline,cloudy,4.1,7.7,34,1,none
1782,18,female,bba,3rd year,graduate,yes,no,offline,rainy,9,7.5,14,1,none
1783,20,female,ba,3rd year,graduate,yes,yes,offline,rainy,5.2,7,5,1,none
1784,20,male,bsc,1st year,school,no,no,offline,rainy,4.6,8,59,0,illness
1785,22,female,bsc,1st year,graduate,yes,yes,online,sunny,4.3,7.1,33,1,none
1786,22,female,bcom,2nd year,graduate,no,no,online,rainy,3,7.4,44,1,none
1787,22,male,ba,2nd year,graduate,yes,yes,offline,sunny,3,6.9,62,0,other
1788,23,female,ba,3rd year,graduate,yes,no,offline,sunny,7.1,5.9,17,1,none
1789,19,female,bca,3rd year,school,yes,no,offline,cloudy,5.9,6.9,22,1,none
1790,18,male,bba,3rd year,postgraduate,yes,no,online,cloudy,6.8,6.8,34,1,none
1791,19,male,bca,1st year,postgraduate,yes,yes,offline,rainy,3.5,5.8,43,0,family
1792,23,male,bba,3rd year,school,yes,no,offline,cloudy,3.4,7.2,33,1,none
1793,18,male,bca,1st year,graduate,yes,no,offline,sunny,6.3,7.7,37,1,none
1794,19,male,bsc,1st year,postgraduate,yes,yes,offline,sunny,5.8,6.3,5,1,none
1795,19,male,bcom,2nd year,school,yes,no,offline,cloudy,5.7,7.6,27,1,none
1796,23,male,bca,3rd year,school,yes,yes,offline,cloudy,4.6,7.3,16,1,none
1797,22,female,bcom,3rd year,postgraduate,yes,no,offline,sunny,2.3,7.6,30,1,none
1798,20,female,ba,1st year,graduate,yes,yes,offline,sunny,6,5.3,18,1,none
1799,23,female,bca,3rd year,school,yes,yes,offline,cloudy,0.9,8.5,18,1,none
1800,18,male,bba,3rd year,graduate,yes,no,offline,cloudy,1.7,8.6,32,1,none
1801,18,male,bsc,2nd year,graduate,yes,no,offline,sunny,4.3,6.2,11,1,none
1802,22,male,bba,1st year,graduate,yes,no,online,cloudy,4.7,7.5,48,1,none
1803,21,male,bcom,2nd year,school,yes,no,offline,sunny,7.3,6.4,29,1,none
1804,20,male,bca,3rd year,graduate,yes,no,online,sunny,4.4,6.5,51,1,none
1805,20,male,bca,3rd year,school,yes,no,offline,sunny,5.1,5,20,1,none
1806,20,female,bsc,2nd year,postgraduate,yes,no,online,sunny,1.6,6.7,48,0,other
1807,20,male,ba,1st year,graduate,no,no,offline,rainy,5.3,7.4,8,1,none
1808,21,male,bsc,2nd year,graduate,yes,no,offline,sunny,3.3,8.1,33,1,none
1809,17,male,ba,3rd year,graduate,no,yes,offline,sunny,4.9,4.7,37,0,other
1810,17,female,ba,1st year,graduate,yes,no,online,cloudy,7.1,6.9,51,1,none
1811,21,female,bcom,1st year,graduate,yes,yes,offline,cloudy,5.1,7.6,59,1,none
1812,20,male,bsc,2nd year,graduate,yes,no,offline,cloudy,4.9,7.6,7,1,none
1813,18,female,ba,3rd year,school,yes,yes,offline,rainy,6.9,7.4,22,1,none
1814,18,male,bca,3rd year,graduate,yes,no,online,cloudy,5.8,6.3,63,1,none
1815,19,female,bcom,2nd year,graduate,yes,no,offline,rainy,1.3,8.4,28,0,weather
1816,22,female,bca,3rd year,graduate,yes,no,offline,sunny,5.1,7.6,47,1,none
1817,20,female,bsc,1st year,school,yes,no,offline,rainy,3.1,7.4,53,0,family
1818,18,male,ba,3rd year,graduate,yes,no,offline,sunny,3.6,6.9,5,1,none
1819,18,female,ba,1st year,school,yes,no,offline,sunny,1.8,7,33,0,weather
1820,19,female,bcom,2nd year,postgraduate,no,yes,online,rainy,5.1,6.5,37,0,other
1821,17,male,bca,2nd year,graduate,yes,no,offline,cloudy,6.9,7.2,54,1,none
1822,19,female,ba,2nd year,graduate,yes,no,offline,rainy,3.8,6.5,20,1,none
1823,19,female,ba,1st year,school,yes,yes,offline,sunny,4.7,5.4,16,1,none
1824,21,male,bca,2nd year,school,yes,yes,offline,sunny,3,6.8,53,1,none
1825,19,male,bsc,2nd year,school,yes,no,online,sunny,5.7,6.1,40,1,none
1826,21,female,ba,1st year,postgraduate,yes,no,online,sunny,6.3,7.6,32,1,none
1827,19,female,bba,3rd year,graduate,yes,no,offline,rainy,4.5,6.7,39,1,none
1828,20,male,bcom,2nd year,school,yes,no,offline,sunny,7.5,7.5,12,1,none
1829,18,male,bcom,1st year,postgraduate,yes,yes,offline,cloudy,5.7,6.7,48,1,none
1830,19,male,bsc,1st year,graduate,yes,yes,online,sunny,2.1,8.8,41,1,none
1831,20,male,bcom,2nd year,postgraduate,yes,no,offline,cloudy,3.2,7.4,34,1,none
1832,18,male,bba,2nd year,school,yes,no,online,sunny,5.9,6.9,74,1,none
1833,18,female,bba,2nd year,school,yes,no,offline,sunny,5.8,7.3,32,1,none
1834,20,female,bsc,1st year,school,yes,no,offline,cloudy,2.6,6.2,35,0,transport
1835,22,male,bsc,2nd year,school,yes,no,offline,sunny,4.7,6.6,47,1,none
1836,21,female,bsc,3rd year,graduate,yes,no,offline,sunny,1.1,9,29,1,none
1837,17,female,ba,3rd year,school,yes,no,online,cloudy,2.7,7.6,29,1,none
1838,19,female,bca,1st year,school,yes,no,offline,cloudy,8.2,7.6,47,1,none
1839,18,female,bsc,2nd year,graduate,yes,yes,online,sunny,3.2,7.3,18,1,none
1840,18,female,bsc,1st year,graduate,yes,yes,offline,sunny,2.3,7.7,30,1,none
1841,19,male,bca,2nd year,postgraduate,yes,no,offline,rainy,5.4,8.8,41,1,none
1842,19,male,bba,2nd year,graduate,yes,yes,offline,rainy,4.6,7.4,11,1,none
1843,19,male,bca,1st year,postgraduate,yes,yes,online,sunny,4.6,8.6,63,1,none
1844,21,male,ba,3rd year,graduate,yes,no,offline,cloudy,5.4,7.1,51,1,none
1845,19,male,bsc,1st year,graduate,yes,yes,offline,rainy,4.8,6.3,26,1,none
1846,20,female,bca,1st year,school,yes,no,offline,sunny,5.5,5.7,22,1,none
1847,20,female,bcom,2nd year,graduate,yes,no,offline,rainy,5.5,5.3,30,1,none
1848,23,male,ba,1st year,school,no,yes,offline,sunny,4.7,8,32,1,none
1849,20,male,bsc,1st year,postgraduate,yes,yes,online,rainy,5.5,7.7,62,1,none
1850,18,female,bsc,3rd year,school,yes,yes,offline,sunny,3.9,7.5,61,1,none
1851,20,male,bsc,1st year,graduate,yes,yes,offline,rainy,4.8,5.8,33,0,other
1852,21,male,bsc,3rd year,graduate,yes,no,offline,rainy,5,6.3,23,1,none
1853,17,male,bcom,1st year,graduate,no,no,offline,rainy,3.1,8,29,0,other
1854,21,male,bba,1st year,graduate,no,no,offline,cloudy,3,7.9,27,1,none
1855,21,male,ba,3rd year,school,yes,no,online,cloudy,3.4,6.3,5,1,none
1856,19,male,bca,2nd year,postgraduate,no,no,offline,sunny,4.1,6.4,19,1,none
1857,21,male,bsc,2nd year,school,yes,no,offline,sunny,6.5,8.6,54,1,none
1858,23,male,bba,2nd year,postgraduate,yes,yes,offline,sunny,4.6,5.6,61,0,transport
1859,19,female,bcom,2nd year,graduate,yes,no,offline,sunny,4.2,5.4,22,1,none
1860,18,female,ba,2nd year,school,yes,no,online,rainy,1.9,7.4,24,1,none
1861,19,male,bcom,2nd year,postgraduate,yes,no,online,cloudy,4.2,7.9,37,1,none
1862,19,male,bcom,2nd year,school,yes,yes,offline,cloudy,3.2,7.9,30,1,none
1863,20,female,ba,1st year,postgraduate,yes,no,offline,rainy,5,6.5,31,1,none
1864,21,male,bba,3rd year,school,yes,yes,offline,cloudy,2.5,7.2,49,1,none
1865,21,male,bsc,1st year,graduate,yes,yes,offline,sunny,4.9,6.9,24,1,none
1866,21,male,bsc,2nd year,school,yes,no,offline,cloudy,5.3,6.6,43,1,none
1867,22,female,ba,2nd year,school,no,no,online,cloudy,5.7,6.4,41,1,none
1868,20,male,bcom,1st year,graduate,yes,no,offline,sunny,4,6.8,33,1,none
1869,18,male,bca,1st year,school,yes,yes,offline,sunny,5.2,7.9,29,1,none
1870,19,male,bsc,2nd year,postgraduate,yes,yes,online,cloudy,4.3,8.7,5,1,none
1871,18,male,ba,1st year,school,yes,yes,offline,sunny,2.2,8.3,5,1,none
1872,18,male,bcom,1st year,postgraduate,yes,no,online,cloudy,2.8,6.4,50,0,transport
1873,23,female,ba,2nd year,school,yes,yes,offline,sunny,5.6,7.7,28,1,none
1874,19,male,bca,2nd year,graduate,no,no,offline,sunny,3.1,7.9,29,1,none
1875,19,male,ba,3rd year,school,yes,yes,offline,sunny,7,5.3,7,1,none
1876,19,male,bca,1st year,school,yes,no,offline,cloudy,4.1,6.2,53,0,family
1877,20,female,bca,3rd year,school,yes,no,online,sunny,5.3,7,5,1,none
1878,21,female,bba,3rd year,postgraduate,yes,no,offline,sunny,7.5,8.1,5,1,none
1879,19,female,ba,2nd year,school,yes,no,offline,cloudy,5.5,5.3,47,1,none
1880,20,male,bcom,1st year,school,no,no,online,sunny,4.4,7.6,17,1,none
1881,19,female,bba,1st year,school,yes,no,offline,sunny,4.5,6.5,24,1,none
1882,17,male,ba,1st year,graduate,yes,yes,online,sunny,2.6,7.9,58,0,family
1883,21,female,bca,3rd year,postgraduate,yes,yes,offline,sunny,2.7,6.7,25,0,family
1884,22,male,ba,3rd year,postgraduate,yes,no,offline,cloudy,5.1,7,5,1,none
1885,21,female,bca,2nd year,graduate,yes,yes,offline,sunny,7.4,5.8,38,1,none
1886,21,female,ba,3rd year,school,yes,no,offline,cloudy,5.3,7.2,5,1,none
1887,20,female,bcom,1st year,graduate,yes,no,offline,cloudy,4,7.2,43,1,none
1888,18,female,bba,3rd year,school,yes,no,offline,cloudy,5.7,8.1,10,1,none
1889,18,male,bca,1st year,graduate,yes,yes,offline,rainy,5.1,7,15,1,none
1890,18,male,ba,1st year,school,no,no,offline,sunny,6.1,8.1,54,1,none
1891,20,female,bsc,3rd year,graduate,yes,no,offline,rainy,4.5,6.5,46,1,none
1892,19,male,bcom,1st year,graduate,yes,no,offline,rainy,6.9,5.3,12,1,none
1893,20,male,bca,1st year,graduate,yes,no,offline,sunny,4.3,8,5,1,none
1894,23,male,bba,1st year,graduate,yes,yes,offline,cloudy,2.7,5,18,0,transport
1895,20,female,bba,1st year,graduate,yes,no,offline,cloudy,4.4,8.5,17,1,none
1896,17,male,bba,1st year,school,yes,no,offline,cloudy,4.1,5.9,21,1,none
1897,19,female,bba,1st year,graduate,yes,yes,online,sunny,7.8,5.7,16,1,none
1898,18,male,bcom,1st year,graduate,yes,yes,offline,cloudy,1.3,5.3,38,0,weather
1899,18,female,bcom,3rd year,postgraduate,yes,yes,offline,cloudy,5.8,6.4,26,1,none
1900,20,female,bcom,1st year,postgraduate,no,no,offline,cloudy,3.8,8.2,64,0,transport
1901,20,female,bcom,2nd year,graduate,yes,yes,online,cloudy,5.9,4.8,19,0,other
1902,18,male,bba,3rd year,school,no,no,online,sunny,0.7,7,27,0,other
1903,22,male,bcom,1st year,graduate,yes,yes,offline,cloudy,4.9,6.9,21,1,none
1904,19,female,bba,1st year,postgraduate,yes,yes,offline,rainy,5.1,7.1,5,1,none
1905,20,male,ba,1st year,school,yes,no,offline,sunny,6.9,6.8,28,1,none
1906,19,male,bba,3rd year,postgraduate,yes,no,offline,rainy,3.6,8.3,5,1,none
1907,18,female,ba,2nd year,school,yes,no,offline,cloudy,3.7,8.2,23,1,none
1908,19,female,ba,2nd year,postgraduate,yes,no,offline,sunny,2.8,6.7,41,1,none
1909,20,female,bsc,1st year,postgraduate,no,yes,offline,sunny,2.1,7.9,37,0,other
1910,18,male,bba,2nd year,school,yes,no,offline,sunny,7.2,6.7,35,1,none
1911,19,male,ba,3rd year,school,yes,yes,offline,sunny,5,8.5,52,1,none
1912,20,male,ba,1st year,graduate,yes,no,offline,cloudy,4.2,7.9,36,1,none
1913,18,male,bsc,2nd year,postgraduate,no,no,offline,sunny,5.6,7.5,21,1,none
1914,21,male,bsc,1st year,graduate,yes,yes,offline,cloudy,4.2,6.4,5,1,none
1915,18,female,ba,3rd year,graduate,no,no,offline,sunny,5.9,7.9,44,1,none
1916,24,female,bca,2nd year,postgraduate,yes,no,online,sunny,6.8,7.1,25,1,none
1917,17,female,bsc,2nd year,postgraduate,no,no,offline,cloudy,4.4,7.1,23,1,none
1918,23,male,bba,3rd year,graduate,yes,no,offline,cloudy,4.3,8.2,24,1,none
1919,18,female,bsc,1st year,graduate,yes,no,offline,rainy,5.7,6.4,8,1,none
1920,23,female,bcom,1st year,graduate,yes,no,offline,sunny,5.8,5.5,43,1,none
1921,20,female,bcom,2nd year,graduate,yes,no,offline,cloudy,2.9,6.6,31,1,none
1922,21,female,bcom,1st year,graduate,yes,yes,offline,cloudy,6,8.2,56,1,none
1923,17,male,bca,2nd year,graduate,yes,no,online,cloudy,4.5,7.4,64,1,none
1924,19,female,bsc,1st year,postgraduate,yes,yes,offline,rainy,4.9,8.2,54,1,none
1925,21,male,bca,1st year,graduate,yes,no,offline,cloudy,4.1,7.1,35,1,none
1926,20,female,ba,2nd year,school,yes,no,offline,rainy,6.4,7.4,11,1,none
1927,22,male,bba,2nd year,graduate,no,yes,online,cloudy,3.5,5.7,23,0,illness
1928,19,female,bca,3rd year,school,yes,no,offline,sunny,1.7,7.8,52,1,none
1929,19,female,bca,2nd year,postgraduate,yes,no,offline,cloudy,3.1,6.6,19,1,none
1930,19,female,bcom,3rd year,school,yes,no,offline,sunny,5.3,8,43,1,none
1931,23,male,bca,2nd year,graduate,no,yes,offline,sunny,6.6,7.9,5,1,none
1932,18,male,bba,3rd year,graduate,yes,no,offline,cloudy,3.7,6.7,5,1,none
1933,21,male,bsc,3rd year,graduate,yes,yes,offline,sunny,1.3,7.2,11,1,none
1934,18,male,ba,2nd year,graduate,yes,no,offline,rainy,5.4,7.5,29,1,none
1935,18,male,bba,1st year,school,yes,no,online,cloudy,7.8,6.2,21,1,none
1936,18,male,bba,3rd year,postgraduate,yes,yes,offline,sunny,6.3,9,39,1,none
1937,19,female,bcom,1st year,school,yes,yes,online,rainy,4.1,5.3,51,0,family
1938,17,female,bcom,2nd year,graduate,yes,no,offline,rainy,6.2,7.1,30,1,none
1939,20,female,bba,1st year,postgraduate,yes,no,online,cloudy,9,5.7,25,1,none
1940,20,female,bsc,1st year,postgraduate,yes,yes,offline,cloudy,4.4,8.2,5,1,none
1941,19,male,bca,3rd year,school,no,no,online,cloudy,5.9,7.2,17,1,none
1942,20,female,bca,3rd year,postgraduate,yes,no,offline,cloudy,6.5,7.9,24,1,none
1943,20,male,bca,1st year,school,no,no,offline,sunny,3.3,7,34,1,none
1944,21,female,bca,3rd year,graduate,yes,yes,offline,sunny,4.1,5.7,5,1,none
1945,20,male,bba,3rd year,graduate,yes,yes,online,sunny,6,6.3,87,0,other
1946,20,male,bsc,3rd year,graduate,yes,yes,offline,cloudy,6.5,8.3,5,1,none
1947,21,male,ba,1st year,graduate,yes,yes,offline,rainy,2.2,7.3,13,1,none
1948,21,male,bca,2nd year,graduate,no,no,online,sunny,5.2,7.6,31,1,none
1949,18,male,bsc,3rd year,graduate,yes,yes,offline,sunny,5.9,6.9,40,1,none
1950,19,male,bca,3rd year,school,yes,no,offline,cloudy,5,6.7,64,1,none
1951,20,male,bba,2nd year,postgraduate,yes,no,offline,rainy,4.4,7.2,38,1,none
1952,18,male,bba,2nd year,graduate,yes,no,online,sunny,5.1,8.5,28,1,none
1953,19,female,ba,3rd year,postgraduate,yes,yes,offline,sunny,3.3,7.7,53,1,none
1954,21,male,bcom,2nd year,school,yes,no,offline,cloudy,6.5,7.2,5,1,none
1955,19,female,bba,1st year,graduate,yes,yes,offline,sunny,5.2,6.7,19,1,none
1956,20,female,ba,2nd year,school,yes,no,offline,rainy,8,6.9,16,1,none
1957,22,female,bsc,1st year,postgraduate,yes,no,offline,rainy,3.2,8,69,0,other
1958,18,female,ba,1st year,postgraduate,yes,yes,offline,cloudy,5.3,7.5,57,1,none
1959,20,male,bsc,3rd year,school,yes,no,offline,rainy,5.9,7.6,16,1,none
1960,19,male,bba,3rd year,graduate,no,yes,offline,rainy,2.2,5.3,14,0,family
1961,20,male,bcom,1st year,graduate,yes,yes,offline,cloudy,4.9,6,34,1,none
1962,24,male,ba,2nd year,graduate,yes,no,online,sunny,5.6,7.8,43,1,none
1963,17,male,bsc,3rd year,graduate,yes,no,online,rainy,3.2,8.1,40,1,none
1964,20,female,bba,2nd year,graduate,yes,no,online,rainy,3.1,5.6,42,0,illness
1965,22,male,bca,2nd year,school,yes,yes,online,sunny,2.2,6.6,50,0,personal
1966,18,male,bca,1st year,school,yes,no,offline,sunny,5.3,6.8,29,1,none
1967,21,male,bca,3rd year,school,yes,no,online,cloudy,4.3,6.8,57,0,other
1968,18,female,ba,2nd year,graduate,yes,no,offline,cloudy,4.6,4.8,50,1,none
1969,18,female,bba,1st year,graduate,yes,yes,offline,cloudy,2.7,5.3,30,0,other
1970,21,male,bba,1st year,school,yes,no,offline,rainy,2.4,7.7,24,1,none
1971,19,male,bba,2nd year,graduate,no,no,offline,sunny,2.7,5.3,28,1,none
1972,19,female,ba,3rd year,postgraduate,yes,no,offline,sunny,5.1,7.3,18,1,none
1973,21,male,bba,1st year,graduate,yes,no,online,rainy,5.7,8.2,13,1,none
1974,21,male,ba,2nd year,school,yes,no,offline,sunny,3.7,7.3,23,1,none
1975,21,male,bca,2nd year,graduate,yes,yes,online,sunny,3.2,7.1,69,0,transport
1976,17,male,bsc,3rd year,postgraduate,yes,no,offline,cloudy,3.6,6.4,44,1,none
1977,19,male,bba,2nd year,school,yes,yes,online,sunny,5,6.5,52,1,none
1978,22,male,bca,2nd year,graduate,yes,yes,offline,cloudy,2.3,8.1,49,1,none
1979,19,female,bca,3rd year,graduate,yes,no,offline,cloudy,5.7,6.3,44,1,none
1980,22,male,bcom,1st year,graduate,yes,no,offline,sunny,7.6,5.6,10,1,none
1981,19,male,bsc,3rd year,school,yes,no,offline,sunny,4.7,7.3,32,1,none
1982,20,male,bsc,3rd year,postgraduate,yes,no,offline,sunny,4.2,7,54,1,none
1983,19,male,bcom,2nd year,graduate,yes,yes,offline,rainy,6.9,4.9,22,1,none
1984,21,female,bca,1st year,school,yes,no,offline,sunny,6.3,5.9,19,1,none
1985,19,female,bcom,1st year,graduate,yes,yes,offline,cloudy,2.1,6.9,43,0,illness
1986,20,male,bcom,2nd year,school,yes,yes,offline,rainy,4.7,5.6,74,0,other
1987,20,male,bcom,2nd year,graduate,yes,no,offline,sunny,5.6,5.2,53,1,none
1988,19,male,bba,3rd year,postgraduate,no,no,online,sunny,3.7,7.7,15,1,none
1989,23,female,bsc,1st year,graduate,yes,yes,offline,rainy,5.9,7.6,13,1,none
1990,19,female,bcom,2nd year,graduate,no,yes,online,cloudy,7.5,7.3,14,1,none
1991,22,male,bcom,1st year,school,yes,no,offline,sunny,1.8,7.2,21,1,none
1992,24,male,bba,1st year,graduate,yes,yes,offline,cloudy,5.4,6.9,5,1,none
1993,22,female,bca,1st year,graduate,yes,no,offline,rainy,2.5,8,38,1,none
1994,21,male,bsc,2nd year,graduate,no,yes,offline,rainy,1.5,7.7,31,0,personal
1995,18,female,ba,1st year,postgraduate,yes,no,online,rainy,3.3,7.8,25,1,none
1996,21,male,bca,1st year,school,yes,no,offline,sunny,4.6,9.9,47,1,none
1997,21,female,bsc,2nd year,school,yes,no,offline,sunny,3.3,6,25,1,none
1998,21,female,bsc,3rd year,postgraduate,yes,no,offline,cloudy,3.6,6.3,42,1,none
1999,20,male,ba,3rd year,school,yes,no,offline,cloudy,5.7,7.5,31,1,none
2000,18,female,bcom,2nd year,graduate,yes,no,offline,rainy,4.4,6.7,33,0,illness
